{"type":"FeatureCollection","features":[{"type":"Feature","properties":{"reg_name":"Piemonte"},"geometry":{"type":"Polygon","coordinates":[[[7.136049220297934,45.279960702623],[7.109512609927418,45.327020569742245],[7.131882904290418,45.32971114632901],[7.133705713760695,45.347833710143284],[7.164435236491169,45.3606817777515],[7.163280761283767,45.38178926256428],[7.185854257635149,45.40323118526525],[7.120724930440543,45.43164794475864],[7.100335110991154,45.4561809273005],[7.13430129558928,45.51545557562993],[7.143585008047164,45.47783282104812],[7.160333113891497,45.48658822129137],[7.222662576954692,45.47047839127602],[7.269498949950759,45.51467697238766],[7.359303441326426,45.5258677426235],[7.377239192020171,45.516897969374426],[7.48931739527018,45.58310806329157],[7.531773876558819,45.576792411901074],[7.566476127751934,45.5916249014319],[7.609068725598533,45.56287881366827],[7.634043618651572,45.570787976430864],[7.675503430350749,45.55234699813052],[7.718934886363317,45.5588909587994],[7.732704790777711,45.5503354175944],[7.8277856964622226,45.59707199499527],[7.90076555588365,45.59172066874488],[7.897461764929142,45.61252540762229],[7.939503996657945,45.643697385162504],[7.9047946473718165,45.68472874900616],[7.9366238081841,45.724344678522606],[7.9290001835191415,45.74244244058541],[7.894836057959625,45.75282261952398],[7.864071741588766,45.790035712922844],[7.862331710463926,45.81990284792798],[7.873395964071038,45.82593244611251],[7.8638622796625475,45.839583315638826],[7.875579949528077,45.86210792888718],[7.861373425942538,45.91041028291814],[7.876964866990258,45.926428292117386],[7.868401322452137,45.937638105217566],[7.878064235245535,45.97340200317534],[7.906351384235753,45.994125047165966],[7.988913631788099,45.99648746272772],[8.033204123480223,46.04707433393631],[8.022374048346084,46.06969877196419],[8.032813492657093,46.09757120678983],[8.10805368456833,46.11159266180436],[8.114971348147105,46.13031340941601],[8.150258420827099,46.14130031648938],[8.165451038086447,46.182263428639],[8.13900332353752,46.22607744257991],[8.08042785304776,46.260765963160786],[8.137708929007472,46.30161282195685],[8.203162576180384,46.30426569677257],[8.225473095405064,46.335126351347064],[8.26107622567339,46.347880679581124],[8.26339763692552,46.36366320632969],[8.314543785997067,46.38102672270506],[8.31690251517953,46.39724027943885],[8.29067218116025,46.40746621853008],[8.306007338032638,46.42563162253122],[8.3644994261424,46.451143527121744],[8.446540726578757,46.463476813389185],[8.46582359416236,46.44349045303191],[8.457665220180035,46.42235655794602],[8.468529065843605,46.41162599305861],[8.468552597465068,46.364872802180244],[8.465215288437289,46.33405139688235],[8.427662032625518,46.298401037214795],[8.456246366418242,46.26351312988506],[8.443564301730474,46.2499252837491],[8.532617115758873,46.21709630060664],[8.57370923861146,46.16438199559306],[8.60238978746591,46.15362649309962],[8.592445239871521,46.14578377791604],[8.611872652244882,46.12145279599481],[8.64769246326371,46.12316603488738],[8.714815181350284,46.09804279083352],[8.705479845167432,46.08193349561345],[8.72876349999088,46.02923208824989],[8.720805877114572,46.01229237239339],[8.5716262699418,45.901336445559345],[8.59520279602321,45.833613832490194],[8.55556647562884,45.80004352514546],[8.555665119100182,45.774990361372254],[8.594550709280506,45.72977149783444],[8.653434234804656,45.713970984051734],[8.640799957397778,45.67680835217584],[8.681201677398757,45.67640175386152],[8.669835079657258,45.661423574490875],[8.688184928792648,45.636992848198986],[8.65893960356973,45.63774685206097],[8.663088254934301,45.62203413569719],[8.703148489936027,45.60005712045241],[8.693345721608322,45.57778087228061],[8.719404390490679,45.53105489370677],[8.713069742140197,45.5201314826638],[8.727892429796954,45.50239940547554],[8.78748750259123,45.48623267281735],[8.788375016589034,45.46250869010152],[8.808101661212463,45.43333465065987],[8.825832956545868,45.43394843533668],[8.842896694817354,45.39383795019038],[8.80154253332178,45.37918133729837],[8.764953379371311,45.38759081447248],[8.760886587670452,45.376483900170655],[8.719076898867819,45.37807955586722],[8.760364123599794,45.35193071713837],[8.742122362478089,45.33205927201274],[8.72476786559703,45.33570881034743],[8.716121910442197,45.30288129574132],[8.690646036481866,45.29252641437867],[8.664887909281145,45.2928317907399],[8.655711406839238,45.325680669916245],[8.625185052710957,45.35178576543221],[8.571030587750483,45.348631637725006],[8.553088675039223,45.36147025647802],[8.526376341011437,45.34220014532437],[8.537899575851522,45.3172472850573],[8.513543557425823,45.31327821116127],[8.498337479071374,45.29222644681244],[8.518268503255412,45.28679854013892],[8.514077597627749,45.274320594579216],[8.535106136651772,45.27780153846329],[8.533049132503134,45.25814298627877],[8.54338394411936,45.2532798782751],[8.522495388793214,45.24923975488274],[8.556180957679366,45.241395854543235],[8.529098182591538,45.23951413513676],[8.543651594862991,45.234001221818595],[8.523244930373098,45.22160390577355],[8.548048582277087,45.204124765390056],[8.524514528940525,45.19833425288357],[8.581210350308382,45.20221014607754],[8.542966039467933,45.17300285373479],[8.611804331751367,45.127528423755585],[8.609095213036582,45.106889419204435],[8.64598777227679,45.07533272511907],[8.634737784102526,45.04096242446094],[8.659067916544712,45.01797499926078],[8.69504399987158,45.02322577775781],[8.710058933933873,45.03829123069407],[8.750539820290102,45.0207252216549],[8.747880439104232,45.009146724784614],[8.771748257720938,45.00678070087653],[8.777698663387294,45.02373397989923],[8.79833696831229,45.02112265972012],[8.796212608462541,45.03581290928202],[8.887399040279874,45.059795399897986],[8.881058582131013,45.05408033888139],[8.900157040206762,45.04362077332405],[8.90127373458691,45.00776281772726],[8.916860566701384,44.98811944304017],[8.960623892580095,44.98728495196682],[8.978124650076161,44.96720624454793],[8.969597257652756,44.94351345173427],[9.0013474319328,44.90819485161198],[9.030363602997731,44.88849926609566],[9.055223924784473,44.888924586717934],[9.070044886348306,44.865197164971086],[9.049004337911642,44.84985941076541],[9.072257457813905,44.81747740481579],[9.126115926132998,44.80618502143347],[9.160977027727977,44.814738377893796],[9.171726254871182,44.771683172484124],[9.21355045182904,44.752348232196844],[9.199196132937324,44.68410970120104],[9.204947057122025,44.598535968467445],[9.13519217783367,44.57447709669404],[9.11070409315316,44.581971047535376],[9.103532247521823,44.60938587808553],[9.073333120929703,44.62433985274352],[9.04704604576693,44.61466496881075],[9.014690728619593,44.666070661458555],[8.931140760205482,44.676133178027605],[8.908823681905403,44.647644779867036],[8.882617508402166,44.63867753589635],[8.907705957141605,44.61393251803065],[8.917502844381419,44.56105501160425],[8.891335625831687,44.550630691582136],[8.868608060030708,44.56624379631659],[8.826841440913876,44.56179883401503],[8.828767975372593,44.543067213983626],[8.799078032894792,44.53014657067455],[8.787664445063253,44.489325592052275],[8.766940876132038,44.491950074717266],[8.767564328813329,44.52496400424067],[8.749752613317737,44.52677790006741],[8.75673594735138,44.53612268267109],[8.714076081877527,44.581450166108375],[8.623862058300524,44.586379896812424],[8.600886843851507,44.56782355281596],[8.613536517077279,44.54551371246296],[8.573756532162053,44.523324832169656],[8.576161782618444,44.50922624304257],[8.481796485180668,44.510835472913804],[8.470657729851034,44.52247841773304],[8.449498957682612,44.49738768945377],[8.416129497824663,44.51236417774159],[8.392431653355233,44.477049849349754],[8.359533747310838,44.464995566066726],[8.349177781463588,44.48555256255014],[8.276257414266713,44.50668472734048],[8.252777440115311,44.52874738628847],[8.22416292305791,44.51417497093149],[8.22331549244327,44.48566937990667],[8.197940030797035,44.47072014740362],[8.221680326808277,44.43271087087546],[8.206357260348122,44.40427375004395],[8.149519229390407,44.384792023943334],[8.144991585869793,44.34664490059652],[8.134283903003054,44.33209961653517],[8.106436352659678,44.332372807713476],[8.10195677018786,44.30093101978733],[8.076021701720597,44.313958461195625],[8.060788082668497,44.29989987917803],[8.090698499279044,44.274796395552464],[8.063096597996067,44.253074187949935],[8.080896782671864,44.241248504051484],[8.065363252890359,44.2169365754126],[8.094846588152429,44.197263703422806],[8.092410838830718,44.17521477212601],[8.068204852466305,44.14497537292616],[8.011840724452199,44.15589884303748],[7.979633362455454,44.13845631725444],[8.010504652463734,44.122092482734054],[8.006878125593566,44.102589295385286],[7.971531404279554,44.11309520242624],[7.942367900000837,44.10011656741009],[7.92596246682398,44.11030220350017],[7.883944707240613,44.104658684247326],[7.763803655093977,44.14070475202274],[7.724227459837234,44.123901850041335],[7.718015970637964,44.10357513500933],[7.73201723252005,44.08425757629394],[7.759363736547915,44.084296628964445],[7.723247706423274,44.06061601503036],[7.714329718480684,44.06155888102362],[7.718242278078054,44.081996977131936],[7.6674498103948165,44.129807911294634],[7.684645244835607,44.173915447034695],[7.673415960819247,44.17729229164671],[7.636032830438343,44.17708156910436],[7.6192146507042935,44.14944654762909],[7.566005017365308,44.15510220283561],[7.458040689812772,44.12655142475944],[7.428170594822318,44.13041200535855],[7.423350308357271,44.113320652889264],[7.392652171461766,44.1255601723765],[7.355276624224673,44.11803265497926],[7.3406212611507,44.14645055679671],[7.278342673141696,44.141693405110296],[7.243229711525734,44.17162505889142],[7.218872446483825,44.16856487234732],[7.187306701586822,44.201055255405635],[7.142752605050319,44.20050973693257],[7.069629508702337,44.233635006742546],[7.034977893377271,44.22396901266556],[7.008493494209164,44.23562813199256],[6.995748880574193,44.28013904373984],[6.958344815982035,44.29548481787168],[6.956847360367218,44.314111862142546],[6.9267849678958,44.333187020841656],[6.918822685523113,44.35283941185413],[6.8872340570180945,44.3620270142823],[6.892794330251816,44.4202330844739],[6.948394629381173,44.42983340593177],[6.876169373776595,44.48149380030828],[6.855467922060196,44.532601232125174],[6.932589522040083,44.57288755004534],[6.937705535900405,44.60311568709248],[6.952280540448374,44.620514085912774],[6.968480331234057,44.62029037919961],[6.947599129050675,44.65262243389131],[6.962142440875328,44.67689214185271],[6.989611446646302,44.69033348461519],[7.070047235453581,44.67980257383427],[7.075241743854533,44.69020691108476],[7.0653473693506115,44.71383427298486],[7.03060866730244,44.728875552487615],[7.021249683964975,44.77167700282372],[7.001538119521009,44.79109758391049],[7.023851421494778,44.82332972178048],[7.001196300144869,44.84244350635074],[6.9315054276109676,44.863438204243224],[6.912837660230325,44.84485522072771],[6.8710937560757,44.84996116367684],[6.7508371157408025,44.906169047796034],[6.759988350540006,44.933787749588866],[6.743080523565334,44.935695965444786],[6.765546136131839,44.961613378226744],[6.739503635040932,44.989671398687214],[6.7514323371171905,44.997982861810634],[6.7458734141222925,45.01290630565261],[6.671418923233183,45.02351014144617],[6.662259397840632,45.07138158391493],[6.646166606139263,45.07502254327692],[6.626636651442967,45.103315637194115],[6.6719391234681,45.12421439091846],[6.680208273706337,45.14041473089752],[6.740199593635933,45.13697330323715],[6.7691568318479485,45.15983993389956],[6.848324288114787,45.12730636238539],[6.894490954453886,45.13746594129345],[6.886106138832121,45.154072064728325],[6.894327325305534,45.16884263731685],[6.947472572883151,45.17047176601528],[6.967779279176549,45.195647637342255],[6.962869123701263,45.205129520132374],[7.003222334276142,45.220055906802465],[7.050968522789773,45.22570584174828],[7.0768237201730235,45.21411823775839],[7.134936628930037,45.25413996845698],[7.136081124457927,45.27952480616591],[7.136049220297934,45.279960702623]],[[8.704043151476407,45.01752628866866],[8.706122792174702,45.01290497705859],[8.705427662316254,45.02448328104466],[8.705149260090241,45.019921639786446],[8.704043151476407,45.01752628866866]]]}},{"type":"Feature","properties":{"reg_name":"Valle d'Aosta/Vallée d'Aoste"},"geometry":{"type":"Polygon","coordinates":[[[7.734554898771464,45.92365151889495],[7.750576355128887,45.9397676382328],[7.800086773632093,45.91712213445336],[7.821402793210682,45.92685748066626],[7.864046319947542,45.91644002917897],[7.875579949528077,45.86210792888718],[7.8638622796625475,45.839583315638826],[7.873395964071038,45.82593244611251],[7.862331710463926,45.81990284792798],[7.864071741588766,45.790035712922844],[7.894836057959625,45.75282261952398],[7.9290001835191415,45.74244244058541],[7.9366238081841,45.724344678522606],[7.9047946473718165,45.68472874900616],[7.939503996657945,45.643697385162504],[7.897461764929142,45.61252540762229],[7.90076555588365,45.59172066874488],[7.8277856964622226,45.59707199499527],[7.732704790777711,45.5503354175944],[7.718934886363317,45.5588909587994],[7.675503430350749,45.55234699813052],[7.634043618651572,45.570787976430864],[7.609068725598533,45.56287881366827],[7.566476127751934,45.5916249014319],[7.531773876558819,45.576792411901074],[7.48931739527018,45.58310806329157],[7.377239192020171,45.516897969374426],[7.359303441326426,45.5258677426235],[7.269498949950759,45.51467697238766],[7.222662576954692,45.47047839127602],[7.160333113891497,45.48658822129137],[7.143212076057913,45.47803002179905],[7.137528327136321,45.51626424352334],[7.104329523112628,45.466959179766036],[7.047889035989114,45.47247963805799],[7.054555378028369,45.494007209300605],[6.999821456196049,45.50513210587575],[7.003761485828759,45.52002593072628],[6.990388217805891,45.53066470932479],[6.995032157666892,45.5761478012431],[6.977857292027868,45.58894146362846],[6.996804124667396,45.640824134635395],[6.968566877963032,45.65451081015476],[6.925330387915829,45.64917900309482],[6.901935313819688,45.680758902570346],[6.848001171974737,45.6901873091271],[6.813304812811789,45.72264247707885],[6.817277312115512,45.73974810209042],[6.805029166606518,45.75444574660299],[6.805443077912913,45.8169731794742],[6.81776548373304,45.833347615628234],[6.843108990693878,45.84225372361743],[6.864898080965057,45.833185375928],[6.88017834826412,45.849887280708025],[6.942084607265547,45.848688319622084],[6.990390357891256,45.86814380429238],[7.00379774006363,45.89921504169684],[7.032920530425226,45.92142967649538],[7.057310421470551,45.91433159231567],[7.101645015655793,45.85903920636049],[7.156481923175678,45.87934271309615],[7.190261311411063,45.85859641318878],[7.2207279417591215,45.889641077324725],[7.257466500355775,45.888659296142315],[7.294204972381321,45.92172377013061],[7.385859097576625,45.89728697220506],[7.474167883327582,45.93559163916415],[7.4781262122992755,45.95262831787875],[7.54101034682746,45.95636477264212],[7.546248923273785,45.984503850695276],[7.57007575689171,45.987774645559924],[7.588571915865782,45.970750850560776],[7.663708528061728,45.975551456878314],[7.709884569515581,45.9482618762171],[7.718158309027293,45.92461180694184],[7.733235604091626,45.92344788688431],[7.734554898771464,45.92365151889495]]]}},{"type":"Feature","properties":{"reg_name":"Liguria"},"geometry":{"type":"MultiPolygon","coordinates":[[[[7.551656550609636,43.89429408336484],[7.562643515193848,43.900658745915216],[7.567018914125474,43.944105840989465],[7.649486963260421,43.97374131037071],[7.670344898261953,43.99822755251763],[7.663332984343879,44.02895061619491],[7.759088405396502,44.08388400152117],[7.7328920244464,44.08364593447214],[7.718015970637964,44.10357513500933],[7.727927540628925,44.12731929873229],[7.763803655093977,44.14070475202274],[7.883944707240613,44.104658684247326],[7.92596246682398,44.11030220350017],[7.942367900000837,44.10011656741009],[7.971531404279554,44.11309520242624],[8.0046338394908,44.10232667919516],[8.012352636738196,44.1195391666991],[7.9789315342648806,44.13354202763824],[7.985408504722668,44.142765472165976],[8.011840724452199,44.15589884303748],[8.044504574505956,44.142547047179775],[8.0711886566519,44.146927123874804],[8.094846588152429,44.197263703422806],[8.06546730048589,44.21656317460193],[8.081102908052863,44.240044104023674],[8.063096597996067,44.253074187949935],[8.090698499279044,44.274796395552464],[8.060788082668497,44.29989987917803],[8.076021701720597,44.313958461195625],[8.10195677018786,44.30093101978733],[8.106436352659678,44.332372807713476],[8.134283903003054,44.33209961653517],[8.144991585869793,44.34664490059652],[8.149519229390407,44.384792023943334],[8.206357260348122,44.40427375004395],[8.221680326808277,44.43271087087546],[8.195813770434695,44.46497743372065],[8.22331549244327,44.48566937990667],[8.21619960959133,44.497303689473895],[8.22577066446786,44.515392224952855],[8.252777440115311,44.52874738628847],[8.276257414266713,44.50668472734048],[8.349177781463588,44.48555256255014],[8.359533747310838,44.464995566066726],[8.392431653355233,44.477049849349754],[8.416129497824663,44.51236417774159],[8.449498957682612,44.49738768945377],[8.470657729851034,44.52247841773304],[8.481796485180668,44.510835472913804],[8.576161782618444,44.50922624304257],[8.573756532162053,44.523324832169656],[8.613536517077279,44.54551371246296],[8.600886843851507,44.56782355281596],[8.623862058300524,44.586379896812424],[8.720998667001174,44.5798647753161],[8.75673594735138,44.53612268267109],[8.749752613317737,44.52677790006741],[8.767564328813329,44.52496400424067],[8.766940876132038,44.491950074717266],[8.787664445063253,44.489325592052275],[8.799078032894792,44.53014657067455],[8.828767975372593,44.543067213983626],[8.826841440913876,44.56179883401503],[8.868608060030708,44.56624379631659],[8.891335625831687,44.550630691582136],[8.917502844381419,44.56105501160425],[8.907705957141605,44.61393251803065],[8.882617508402166,44.63867753589635],[8.908823681905403,44.647644779867036],[8.931140760205482,44.676133178027605],[9.014690728619593,44.666070661458555],[9.04704604576693,44.61466496881075],[9.073333120929703,44.62433985274352],[9.103532247521823,44.60938587808553],[9.11070409315316,44.581971047535376],[9.137671701507085,44.573933981475165],[9.198954885653672,44.592775954904646],[9.202973128494426,44.61349420348926],[9.24480967743441,44.61972132368185],[9.256538932193896,44.61059408908369],[9.246245270041292,44.59926911908219],[9.280230831083543,44.596170453868226],[9.3004186269751,44.60777398611881],[9.346703620849974,44.57952241406568],[9.3810803430133,44.57674963749112],[9.405628935442081,44.600806817853844],[9.42130623655568,44.59260430070061],[9.423076558884304,44.57461223117082],[9.49077210986063,44.55894555828815],[9.488180531722268,44.54556985657409],[9.504607670858661,44.52995999519449],[9.496803434917794,44.48273040451411],[9.468873108269152,44.48188068778313],[9.438393752222813,44.418541590621054],[9.472294714073172,44.421935541706524],[9.479034390162825,44.40925855440479],[9.492842222485015,44.42331618030364],[9.547438087691889,44.42683921450867],[9.558503986708885,44.43866069770525],[9.582499166103801,44.428545614807106],[9.605547053307264,44.43572014429559],[9.654548650091195,44.41174558118301],[9.674979435882909,44.36471301481765],[9.70630125394109,44.36618914929451],[9.729455177038464,44.328330588695316],[9.806400913546463,44.282760177491255],[9.852656940491675,44.270205117910066],[9.857027375544224,44.23402981687918],[9.875356615451444,44.22394276093366],[9.85755040667854,44.19350756537493],[9.864956845396163,44.18070787413676],[9.908508553335194,44.20977386730125],[9.934010411198948,44.196622130371104],[9.89295305729716,44.166501533739066],[9.97334395603106,44.16710958929004],[9.995079528346116,44.115725458238074],[9.986715767040094,44.096869093437796],[10.024478844625294,44.11932845657273],[10.070407894993263,44.09235683741862],[10.018772970142269,44.04447690754418],[9.994132560251595,44.0506305345743],[9.977588909033654,44.0354869853695],[9.83581223684755,44.11012581876956],[9.821310322711014,44.095139530900376],[9.812596076877073,44.100797369214035],[9.851668732076085,44.06012670476764],[9.832672008814322,44.04904220638576],[9.739405586724624,44.09165190942861],[9.725324051424645,44.11262421298274],[9.668090395965391,44.14214287527679],[9.644063157381131,44.1442567430205],[9.635464670377013,44.13352131145785],[9.606420810758063,44.15796528826894],[9.606327960207652,44.171335485016954],[9.567566172220161,44.183146357284286],[9.552140865716344,44.204948822261116],[9.5270072769893,44.208272642329185],[9.488467364093047,44.23884889614725],[9.443328443090248,44.238639792852844],[9.41854383824969,44.25962483981394],[9.403425554629893,44.251936351838076],[9.377090673861806,44.290384630141865],[9.235280319100255,44.347863994616375],[9.213736774381358,44.333603047869985],[9.217547144758678,44.2985045924927],[9.152255664001686,44.31712709288705],[9.154189645714306,44.34899459212325],[9.099030335799059,44.37185008607582],[8.931337538580449,44.395569847797596],[8.918952433417418,44.41354260973354],[8.917758463471692,44.39818263953287],[8.821908513018762,44.415049320606066],[8.849997136089657,44.418703713384694],[8.837664371919509,44.42284749028607],[8.743775345253113,44.4269804751555],[8.509344299694368,44.32844676171796],[8.485103772470175,44.309990761002204],[8.500337705421268,44.3166230139097],[8.492594511753182,44.30636625950595],[8.451055864541432,44.28797232253146],[8.440428107194835,44.27025680723545],[8.456329581665305,44.258401231762505],[8.415917668251018,44.22128025305251],[8.424508002890091,44.19471744941239],[8.269068019728397,44.13932014717106],[8.229837009177086,44.08818175069035],[8.225683178795835,44.0431891681654],[8.163118969844794,43.992595563821055],[8.15989559847261,43.97355666463885],[8.173706628954852,43.95474786526393],[8.141567476305585,43.94735990943486],[8.071144937888533,43.89051797707339],[7.833044075708493,43.816432772670595],[7.804915164009358,43.82325268000648],[7.738837404107048,43.79541839968192],[7.699996787777116,43.79865048342621],[7.672821277050243,43.77616549968095],[7.575391305547511,43.79286117455641],[7.556087678216447,43.78018033362204],[7.530722088838226,43.78421476184674],[7.495279410654634,43.86220176897732],[7.544472051855947,43.89386965182312],[7.551656550609636,43.89429408336484]]],[[[8.226837031673039,44.02670032466071],[8.228634348535133,44.02582451622976],[8.22946657960604,44.02539571953244],[8.229243511119396,44.02515675097012],[8.226403532289531,44.024292365257395],[8.22479226625874,44.0246372673701],[8.224070041774864,44.025977052888564],[8.224083656467291,44.02612907658348],[8.224656891550646,44.026835451498194],[8.225287512919754,44.02711176906356],[8.226837031673039,44.02670032466071]]],[[[8.444766471949826,44.2335683738476],[8.444509312512558,44.233535364198666],[8.444380628450995,44.23357075087984],[8.443896480944781,44.23375829889658],[8.443816329768394,44.23379190089219],[8.443766001404391,44.233846616334816],[8.444059490915864,44.234928649838686],[8.444186860920976,44.23519936161266],[8.444288604471147,44.235207589393795],[8.44441012021355,44.235215495505585],[8.444601474978366,44.23521938445116],[8.444741287181866,44.23516604537246],[8.444900418553582,44.235092073005895],[8.445969549604545,44.23455079781535],[8.44604057538619,44.23448812127969],[8.446025617712351,44.23438852907958],[8.44599210508628,44.23427768031135],[8.445943523189893,44.23412027439651],[8.44581921491987,44.233948210446854],[8.445584927621704,44.23383769101143],[8.445089506188703,44.23365632221215],[8.444884599678726,44.23358467100985],[8.444766471949826,44.2335683738476]]],[[[8.93067338763045,44.392230945002765],[8.876878135826939,44.40365447645214],[8.91915016802331,44.395854924389596],[8.93067338763045,44.392230945002765]]],[[[8.871542440414244,44.402770307346096],[8.8803499233086,44.399821819118884],[8.816919875030836,44.41349435444591],[8.869816440984952,44.40328572213448],[8.871542440414244,44.402770307346096]]],[[[8.800456989631412,44.416454709308255],[8.769734986880108,44.41578972795132],[8.810496218165145,44.422205764371505],[8.803224294794768,44.418663840389286],[8.800456989631412,44.416454709308255]]],[[[9.43265785784426,44.25206831942596],[9.432709627617939,44.252019096034566],[9.43273959449283,44.251877957897065],[9.432736788801744,44.25183185282558],[9.432716865128262,44.251807095936314],[9.432570330084383,44.25167905867847],[9.432520944340828,44.2516748107486],[9.432351905862353,44.251671047233614],[9.432136259694492,44.251685239121834],[9.432121503538589,44.25170944486949],[9.432110834873889,44.25178193230652],[9.432115040270412,44.251846313802524],[9.432245795829317,44.25198821130732],[9.432296604596726,44.252043221573196],[9.432408280406651,44.2520658315415],[9.43265785784426,44.25206831942596]]],[[[9.781060795220203,44.07128850818155],[9.781233806788258,44.07122962805559],[9.781314094959761,44.07118145479059],[9.781346210319604,44.07110651890016],[9.781349191129,44.07105032919759],[9.781313452732253,44.07101038617377],[9.781179852011501,44.07090076630359],[9.781107914573852,44.070873360322864],[9.781025697451778,44.07084938102789],[9.780747975404447,44.07084683971351],[9.780631748403305,44.07084595570363],[9.780590641051889,44.070887063253274],[9.780730664587034,44.071074402919066],[9.780923357559931,44.07127780094585],[9.780982235771704,44.07133132685165],[9.781060795220203,44.07128850818155]]],[[[9.773870356630953,44.07761723320299],[9.77403031690882,44.07755312605647],[9.77403911473202,44.07751580334693],[9.773913833008724,44.07732868264507],[9.773856552219797,44.07728788028419],[9.773765137185876,44.07728786021437],[9.773657255256015,44.07731706574744],[9.773486661427334,44.07740375186554],[9.773512574380161,44.077475603298915],[9.77364372074616,44.07759625974019],[9.77369876509297,44.0776273978398],[9.77377693247198,44.077635871808425],[9.773870356630953,44.07761723320299]]],[[[9.8513853286962,44.023704703239204],[9.851404535880574,44.02352111688378],[9.851402361526613,44.02336920098651],[9.851327791805748,44.02328084861269],[9.851231983271134,44.023234294428484],[9.851037348754968,44.023257127551865],[9.850870849022526,44.02328425253637],[9.850486834547842,44.023370392673684],[9.850408505451798,44.02345538205085],[9.850404005628436,44.02368612681622],[9.850980019746505,44.02437397169892],[9.851222366712834,44.0245240984417],[9.851337323195805,44.02449172988451],[9.85149406001496,44.024218210634345],[9.851491063850162,44.024008903976345],[9.8514733580894,44.02386160646292],[9.8513853286962,44.023704703239204]]],[[[9.848370690112352,44.028997066919956],[9.85140092333536,44.02820595429953],[9.85355068420719,44.027541965953205],[9.853674423492416,44.02742193326538],[9.85374479553844,44.02726418411767],[9.853828198064575,44.026894655166714],[9.853841405320711,44.02673811013495],[9.853852002538762,44.02619713714267],[9.853742332144265,44.02581262958565],[9.853522450605519,44.02557451010624],[9.852773391801822,44.025245901483814],[9.849264826331414,44.025668174081666],[9.84895641934238,44.025803867324875],[9.848659787302868,44.02608233334756],[9.848408025075498,44.02636555774396],[9.8483130441858,44.02652805920176],[9.848184527168629,44.026776758113726],[9.847979565088487,44.027221361830165],[9.847761121671862,44.02775402419813],[9.847415611108083,44.028950557457016],[9.847503363713317,44.02902104534215],[9.847636708852663,44.02911057839493],[9.847768830830807,44.029114362709656],[9.847927296214966,44.02911318674937],[9.84811203703712,44.029102287194945],[9.84833421052944,44.02906486350863],[9.848370690112352,44.028997066919956]]],[[[9.853497921762857,44.0492118818264],[9.84734858572209,44.03400599782669],[9.833139695782982,44.04698865228612],[9.85457730383499,44.05122233839208],[9.853497921762857,44.0492118818264]]],[[[9.858319206635478,44.05133753072432],[9.858201596386223,44.05133753100942],[9.858070918510485,44.05135059870803],[9.857914104757642,44.05145514072206],[9.857887969300045,44.05158581865083],[9.858031714518836,44.051768768528405],[9.85821466422279,44.05193864971392],[9.858541359106047,44.05183410749434],[9.858789648282945,44.05159888696677],[9.858567495467094,44.05141593757188],[9.858319206635478,44.05133753072432]]]]}},{"type":"Feature","properties":{"reg_name":"Lombardia"},"geometry":{"type":"MultiPolygon","coordinates":[[[[8.579637946501759,45.75171979405267],[8.552276679912072,45.788104679429445],[8.59520279602321,45.833613832490194],[8.5716262699418,45.901336445559345],[8.726429962289972,46.0179673025961],[8.705569146407981,46.08512878550653],[8.742687489138218,46.12214596400057],[8.760165019208136,46.10169973374388],[8.806148712525587,46.10091394366772],[8.852050546948755,46.07552120198725],[8.854517056895904,46.06162808833066],[8.785902335696498,45.989017771290385],[8.831275517823972,45.98798317944619],[8.867948762001493,45.96072895354963],[8.894274706776091,45.95846580993056],[8.893060988387214,45.93133758869494],[8.924614585768024,45.90585116203731],[8.941719931101815,45.869895332743916],[8.912448677687655,45.83027883473434],[8.949537460925336,45.84347795173754],[8.995366318618148,45.834344452611276],[9.004840648302224,45.820231579789784],[9.033764062720017,45.82260284229762],[9.05431553416956,45.872286791184855],[9.088757567692541,45.900715677593055],[9.019395186335615,45.92857778810335],[9.01406387792202,45.96015636019822],[8.988770878737242,45.97058354467975],[9.028287080903057,45.9936618969618],[9.008880500164056,46.03620025590411],[9.023813835284344,46.052614500672654],[9.077872431387084,46.0653167230874],[9.089842448929701,46.088487839791256],[9.07163492547375,46.11951509328173],[9.120816179825434,46.13460921165249],[9.159568676286352,46.170519461988384],[9.183511788244154,46.171608531674785],[9.221300731985092,46.22987039844264],[9.247615383141198,46.23362724089413],[9.254601199730912,46.26879309807912],[9.300050097599218,46.326587671529154],[9.296961227349605,46.35084556376302],[9.276678010440584,46.36941783806845],[9.280808636728054,46.41021677858312],[9.247466776009997,46.43623516436837],[9.247724630642669,46.44717810237715],[9.277816916746522,46.46159826912396],[9.282373216159078,46.49666276745444],[9.362046877738376,46.509699105637004],[9.370837133198233,46.489696559634794],[9.4102820192147,46.46654557404702],[9.432829131282427,46.49677740314138],[9.460883174387728,46.50742670065499],[9.4592599728442,46.48492546094273],[9.449458530561031,46.48337147768221],[9.463514260230726,46.470401029893374],[9.453709974457839,46.42223855743357],[9.466864378455625,46.39811606497737],[9.461597128101738,46.37625022243951],[9.496042562388958,46.36403745425801],[9.54937741465594,46.30234316919611],[9.63339590443519,46.28630730085825],[9.672176478962305,46.301012111295634],[9.703981314042654,46.290911874522735],[9.724170893421316,46.30973500178809],[9.723255430910353,46.34073158971016],[9.737279144343214,46.35065876566461],[9.777477478380108,46.334962392073685],[9.90636061327559,46.38088410986384],[9.925361046522045,46.36600841822978],[9.952940690055446,46.37937145228775],[9.996352418068826,46.350935722461045],[9.980849552996656,46.323597866549335],[9.99703015599353,46.31399907405089],[9.996702050994518,46.28448227362143],[10.055834418000366,46.263692654246285],[10.047448020320799,46.22874199473128],[10.070837209663871,46.21714029415182],[10.094518250142329,46.22855300246512],[10.124009775269858,46.22421681647658],[10.176338356070792,46.25790822402463],[10.106144374856719,46.33142715629541],[10.127722006991846,46.377619322413445],[10.16165788105692,46.38749872139423],[10.165647384429667,46.4069695612545],[10.130673283299265,46.431867417767826],[10.079592796708111,46.421106978242605],[10.040523310989737,46.444130348307596],[10.053361385213893,46.463146045132845],[10.044384078942892,46.483360498847446],[10.054042482864187,46.52092604090403],[10.043648970232107,46.53784594225812],[10.101094932956787,46.58277726620066],[10.102154387282761,46.61077329287544],[10.130171718848693,46.60559974092659],[10.240328290923536,46.63507435903146],[10.256410772645923,46.608490070635455],[10.244002845240823,46.578401021392615],[10.282302965254804,46.571534429495955],[10.29574885664021,46.550400522003706],[10.419340142715068,46.55105295168147],[10.453137592676283,46.53055108422159],[10.47612158666748,46.49552622960549],[10.555013091916399,46.489032320594795],[10.62183400234232,46.44796363770563],[10.617945697116753,46.41739653714396],[10.630984331495778,46.402286979355964],[10.605985142405313,46.3792292670345],[10.56704359933294,46.37792851385598],[10.54101646075035,46.35523390259499],[10.519241273394357,46.35531341431163],[10.515714830514044,46.343217878670906],[10.563034440731984,46.3272996950715],[10.578053791006946,46.30242462765908],[10.560479181244922,46.284520563258496],[10.584895180389493,46.24481078203451],[10.54137877154291,46.188625529361424],[10.565394916902203,46.166838648456846],[10.546579643581818,46.14431957791171],[10.547892033914431,46.11564880666692],[10.483040034806855,46.05724077654225],[10.484399616221964,46.02399594597858],[10.45829212948825,46.01042516759698],[10.45300035158515,45.98888857238244],[10.453407896568327,45.97655253507667],[10.486604668520043,45.97115832980362],[10.484706148839697,45.945114741720516],[10.508568122550688,45.92356617275588],[10.490042391426249,45.88461082506547],[10.503702059283155,45.87356778624721],[10.502827602254078,45.82973396960363],[10.543627836874391,45.817647819014695],[10.526051458460682,45.805613874826875],[10.532978035747288,45.787961792565426],[10.641409401011211,45.80188521312028],[10.6560655540197,45.83232392349103],[10.695621772501044,45.83987336038549],[10.840150472097324,45.83275599762336],[10.628467659341535,45.60205660926904],[10.647737085220971,45.448536642430696],[10.623645985976266,45.44361601020423],[10.646764498444973,45.4410436729331],[10.643865135048506,45.41781726996976],[10.66523409088153,45.42771707206204],[10.712515366972326,45.41855004992232],[10.719367473221007,45.40596234110618],[10.698267213260076,45.37899520161088],[10.714626309011932,45.36793125185512],[10.685544412922736,45.35368461620993],[10.686904802767392,45.34264978273129],[10.715029519166658,45.33386815070485],[10.706382650460423,45.31630130427102],[10.730482260601987,45.315857626835665],[10.737415845951581,45.28724484925183],[10.782815303410473,45.31542157934705],[10.84660810424607,45.256568843798476],[10.936790161222216,45.23293856638018],[10.934982212681538,45.214202342363976],[10.996778036037961,45.18738473749192],[10.993731462102502,45.1515305504421],[11.028365545738662,45.15923800594397],[11.049459199916313,45.15068777764296],[11.028696851451395,45.123045405993985],[11.07294249043036,45.09874859437303],[11.097572677648044,45.09524710435451],[11.102143824073053,45.11313793663815],[11.127404591230142,45.10322716954803],[11.146437334309603,45.126068264903125],[11.203434135031253,45.11166728692409],[11.177508735685496,45.09734496336883],[11.188368223019745,45.08408482590704],[11.175279829114737,45.060066315882914],[11.24044088807831,45.042953767583555],[11.26590254213196,45.05622390844674],[11.274037872610133,45.01825858629185],[11.416139594844863,44.96676993940019],[11.426742046083852,44.950083466728024],[11.30865683286604,44.96046062266616],[11.285372897893724,44.95676128968645],[11.27225723428784,44.93832271740273],[11.246205691807146,44.95143858598219],[11.152435622084427,44.93324454055775],[11.118021570942643,44.954466717441804],[11.072128018169451,44.96171682639127],[11.059537707203836,44.948887790709904],[10.997472404767382,44.95508698215801],[10.941373627186426,44.92191399460451],[10.890308766598965,44.91243772859654],[10.89799102534435,44.92180554014462],[10.876633184254704,44.917058909349066],[10.865391527058206,44.92961813642026],[10.744566559717319,44.94892911554937],[10.741053025174224,44.980908723734814],[10.727396780532395,44.99202573963132],[10.694741002145014,44.96194015833],[10.68668004065286,44.98659267956037],[10.627881457494778,44.92420182970507],[10.569838561011673,44.90834130359166],[10.519853175245686,44.91272658417744],[10.435668369655696,44.94313646749744],[10.405673984357806,44.98449428046796],[10.35851601525813,44.965535482921],[10.211067550304056,45.03403182115535],[10.187295907123195,45.02821575093445],[10.157721351440088,45.044079037354045],[10.106190803722413,45.02213035147072],[10.089101359241566,45.027192269778375],[10.082307534936264,45.0466055798664],[10.050223560763337,45.041279032716595],[10.046946126112127,45.05928568876703],[10.021649626660048,45.07589052282995],[10.028531935025345,45.09622512895552],[9.985465587149035,45.13343076171431],[9.918487334110756,45.09960279881443],[9.92260601566331,45.135936339432384],[9.881033422371056,45.127001886842436],[9.877825932461546,45.11353310011188],[9.900628073534913,45.095442155793016],[9.896772758322948,45.080538642113176],[9.880650037096078,45.0747949782716],[9.861519796376637,45.0935564710509],[9.838357325237196,45.09564620862593],[9.8237586715906,45.052590618183366],[9.813262369429584,45.078103307269814],[9.778962214974449,45.08958407091466],[9.757535705254744,45.112538529226995],[9.74506916765858,45.11093874174539],[9.749593768116336,45.07783683833777],[9.714995005975439,45.05823683751664],[9.634935518918496,45.08397790872297],[9.64091683691821,45.11662066789798],[9.629351604110386,45.132032823869594],[9.587446998623195,45.09962498894568],[9.548661304684034,45.13265151991728],[9.535754359047916,45.1220008514178],[9.551000006123886,45.09079146484971],[9.533417590786241,45.07890264907739],[9.499286070171113,45.103919678524896],[9.410777783305715,45.082754624553544],[9.370820124791253,45.04815383213946],[9.375605660530628,45.01991804942658],[9.343979225177772,44.9929161710887],[9.32154281240194,44.943966205538295],[9.285027724332439,44.93176639700836],[9.292966795842966,44.920457848874406],[9.277409533167564,44.89560893450794],[9.342381879846869,44.8672714589423],[9.363098293962604,44.8224038895129],[9.284722091563191,44.767091744576554],[9.332580785900287,44.73504034629492],[9.308480723548053,44.70563453388732],[9.324637465427283,44.69001562396267],[9.259475786698255,44.67994659701223],[9.235083700134084,44.71635987612469],[9.24213247814376,44.687456688346344],[9.20031989688178,44.68640483125319],[9.21355045182904,44.752348232196844],[9.171726254871182,44.771683172484124],[9.160977027727977,44.814738377893796],[9.126115926132998,44.80618502143347],[9.072257457813905,44.81747740481579],[9.049004337911642,44.84985941076541],[9.070044886348306,44.865197164971086],[9.055223924784473,44.888924586717934],[9.030363602997731,44.88849926609566],[9.0013474319328,44.90819485161198],[8.969597257652756,44.94351345173427],[8.978124650076161,44.96720624454793],[8.960623892580095,44.98728495196682],[8.916860566701384,44.98811944304017],[8.90127373458691,45.00776281772726],[8.900157040206762,45.04362077332405],[8.881058582131013,45.05408033888139],[8.887399040279874,45.059795399897986],[8.796212608462541,45.03581290928202],[8.79833696831229,45.02112265972012],[8.777698663387294,45.02373397989923],[8.771748257720938,45.00678070087653],[8.747880439104232,45.009146724784614],[8.750539820290102,45.0207252216549],[8.710058933933873,45.03829123069407],[8.69504399987158,45.02322577775781],[8.659067916544712,45.01797499926078],[8.634737784102526,45.04096242446094],[8.64598777227679,45.07533272511907],[8.609095213036582,45.106889419204435],[8.611804331751367,45.127528423755585],[8.542966039467933,45.17300285373479],[8.581210350308382,45.20221014607754],[8.524514528940525,45.19833425288357],[8.548048582277087,45.204124765390056],[8.523244930373098,45.22160390577355],[8.543651594862991,45.234001221818595],[8.529098182591538,45.23951413513676],[8.556180957679366,45.241395854543235],[8.522495388793214,45.24923975488274],[8.54338394411936,45.2532798782751],[8.533049132503134,45.25814298627877],[8.535106136651772,45.27780153846329],[8.514077597627749,45.274320594579216],[8.518268503255412,45.28679854013892],[8.498337479071374,45.29222644681244],[8.513543557425823,45.31327821116127],[8.537899575851522,45.3172472850573],[8.526376341011437,45.34220014532437],[8.553088675039223,45.36147025647802],[8.571030587750483,45.348631637725006],[8.625185052710957,45.35178576543221],[8.655711406839238,45.325680669916245],[8.664887909281145,45.2928317907399],[8.690646036481866,45.29252641437867],[8.716121910442197,45.30288129574132],[8.72476786559703,45.33570881034743],[8.742122362478089,45.33205927201274],[8.760364123599794,45.35193071713837],[8.719076898867819,45.37807955586722],[8.760886587670452,45.376483900170655],[8.764953379371311,45.38759081447248],[8.80154253332178,45.37918133729837],[8.842896694817354,45.39383795019038],[8.825832956545868,45.43394843533668],[8.808101661212463,45.43333465065987],[8.788375016589034,45.46250869010152],[8.78748750259123,45.48623267281735],[8.727892429796954,45.50239940547554],[8.713069742140197,45.5201314826638],[8.719404390490679,45.53105489370677],[8.693345721608322,45.57778087228061],[8.703148489936027,45.60005712045241],[8.663088254934301,45.62203413569719],[8.65893960356973,45.63774685206097],[8.688184928792648,45.636992848198986],[8.669835079657258,45.661423574490875],[8.681201677398757,45.67640175386152],[8.640902425283231,45.67653416066983],[8.653434234804656,45.713970984051734],[8.59598320442668,45.728894494352836],[8.58242650201943,45.74916936162882],[8.579637946501759,45.75171979405267]],[[9.28967513089433,44.70121856093497],[9.301732854621815,44.703086813884546],[9.290944462672492,44.70515833230624],[9.28967513089433,44.70121856093497]],[[9.299185166521463,44.69246177355832],[9.299790804674467,44.6924331934602],[9.300676236329352,44.69250151584473],[9.301165199532221,44.692613677701765],[9.303001161887842,44.693037121180886],[9.303616141907922,44.693347862611176],[9.303646040501611,44.69336694925632],[9.304121622132385,44.69369804113134],[9.304607409488845,44.69426340770324],[9.30471549801829,44.6952930327301],[9.304673656540722,44.69564907524836],[9.304654628400675,44.6957871806235],[9.304205377751444,44.696550902670616],[9.29893950360583,44.69372277424686],[9.298670688116461,44.693114195285496],[9.298632741497796,44.69302137432482],[9.298858008651502,44.69265168168592],[9.299185166521463,44.69246177355832]]],[[[8.973819829240323,45.983546067081555],[8.976088243181369,45.96248129829098],[8.957879033220154,45.96473512964322],[8.9693533158064,45.984003965623955],[8.973819829240323,45.983546067081555]]],[[[8.705427662316254,45.02448328104466],[8.706122792174702,45.01290497705859],[8.704043151476407,45.01752628866866],[8.705149260090241,45.019921639786446],[8.705427662316254,45.02448328104466]]]]}},{"type":"Feature","properties":{"reg_name":"Trentino-Alto Adige/Südtirol"},"geometry":{"type":"Polygon","coordinates":[[[12.013961766477081,46.55091280233782],[11.998418884010851,46.532855710212615],[11.967811296859988,46.54457172345083],[11.945494686303205,46.529416944665435],[11.911883946852067,46.532960250903955],[11.828312394011084,46.50891394061796],[11.813178632140252,46.47817092634751],[11.878648405627091,46.47028933445902],[11.888130602461134,46.44177550055046],[11.850297722980923,46.43418897976769],[11.835343389062318,46.36592009024108],[11.820173197628158,46.376621054154775],[11.774378551985945,46.35824165458297],[11.831891161450791,46.322661438730954],[11.841446209692396,46.30634051743257],[11.826261275387683,46.28497052595666],[11.840847491807969,46.27007760051908],[11.885194681582576,46.278824683430955],[11.891986530220693,46.2526285461465],[11.929099455735452,46.248832888671316],[11.909569450361648,46.22442755987473],[11.939358748877964,46.198820412219575],[11.962440718737328,46.19912915983882],[11.950825393949039,46.17011371540331],[11.9286272411628,46.17580043922322],[11.919492509152475,46.14855177109419],[11.889658173368664,46.1195878304609],[11.685289241546513,46.093568913060025],[11.6864630306509,46.06700277442263],[11.705484470084764,46.04675436192331],[11.666183818384974,46.03621403162668],[11.681865897862048,46.02841578734101],[11.666649060890524,46.01709793245125],[11.689624096436717,45.988510341648684],[11.676235583644392,45.96583122182328],[11.58759202461227,45.96899707300028],[11.577230061767603,46.006520280160494],[11.510704083859327,46.01199864713531],[11.44666384183682,45.980922873381736],[11.37373991073995,45.98350283156172],[11.382358792727802,45.94786113930094],[11.358295523485216,45.943662228215196],[11.349314925580186,45.90953164823199],[11.300686661239663,45.93519813008065],[11.303775776976844,45.918236566424035],[11.258322541720146,45.92067793353383],[11.255080815653844,45.884006552126195],[11.236877572573002,45.88076977046509],[11.239572113736772,45.857025872790835],[11.188821243577607,45.81357254020108],[11.202787776741248,45.783372963614084],[11.173965663332288,45.787082349416316],[11.178432136034335,45.73806409392918],[11.13214591400562,45.69301721402852],[11.090033770710786,45.696131380434636],[11.055790722732965,45.71824352576997],[11.030460094186774,45.70568870298549],[11.011704325858558,45.71642080118282],[10.968319498896472,45.680121091084466],[10.972202424509877,45.70181773530085],[10.942900721596295,45.67306256986462],[10.92207582206594,45.679825283817344],[10.9121610798757,45.69070149151762],[10.925998666824816,45.6991725207443],[10.84383237642482,45.71859281460763],[10.866811131141693,45.763989777544595],[10.884976447358921,45.77465488256641],[10.8727237285926,45.78838368004843],[10.887585175826896,45.81164684594423],[10.825861305378808,45.83768802164843],[10.6560655540197,45.83232392349103],[10.643828773357221,45.80295985340476],[10.611431089757959,45.805162140931],[10.553673584938238,45.78393332165916],[10.532978035747288,45.787961792565426],[10.526051458460682,45.805613874826875],[10.543266768261445,45.818364077500476],[10.502359351320383,45.830377602099546],[10.503702059283155,45.87356778624721],[10.490115844448475,45.887077458537696],[10.508568122550688,45.92356617275588],[10.484706148839697,45.945114741720516],[10.486604668520043,45.97115832980362],[10.453407896568327,45.97655253507667],[10.453354470967861,45.99105972118177],[10.462491742149442,46.0148899193791],[10.484399616221964,46.02399594597858],[10.483040034806855,46.05724077654225],[10.547892033914431,46.11564880666692],[10.546579643581818,46.14431957791171],[10.565394916902203,46.166838648456846],[10.54137877154291,46.188625529361424],[10.585054170682982,46.248696729252096],[10.560479181244922,46.284520563258496],[10.579572499444174,46.29882843410151],[10.563034440731984,46.3272996950715],[10.516030899863265,46.34646882753955],[10.56704359933294,46.37792851385598],[10.605985142405313,46.3792292670345],[10.630984331495778,46.402286979355964],[10.617945697116753,46.41739653714396],[10.62183400234232,46.44796363770563],[10.600492387199486,46.46866429089285],[10.542878117689787,46.492134478122374],[10.47612158666748,46.49552622960549],[10.457940462003688,46.51058963997697],[10.453182087566654,46.532049854206726],[10.472520285151832,46.54374041058565],[10.492294051106892,46.61511638629175],[10.446267546457305,46.64095570212122],[10.402643677568399,46.636499720618254],[10.393079853508334,46.654979993410834],[10.387617539968467,46.687444305543615],[10.417645489187068,46.715991172384875],[10.401966487768748,46.73436510262992],[10.441996897849476,46.752669639197194],[10.425088691120573,46.78886061691038],[10.448812699678609,46.802286559346996],[10.473264091879503,46.85656958607683],[10.552630285486924,46.84978186096572],[10.553648830346544,46.8396169309075],[10.668112885685781,46.87555940046004],[10.763362482940556,46.82327206238848],[10.726063255185679,46.79774279601273],[10.73049412568211,46.78790709216966],[10.786356704501149,46.79637638665711],[10.815939825850089,46.775311132865056],[10.840297365501861,46.78164897286299],[10.883195547587366,46.763109578667624],[10.922316982116074,46.774887117551835],[11.022135362224034,46.76517480509157],[11.041911866202831,46.80338585852521],[11.083452723811812,46.82221991940483],[11.072493785004392,46.84961959582188],[11.10034191881202,46.89011281133122],[11.095882529830062,46.91193420302169],[11.165194822997105,46.940713068388476],[11.165301653644583,46.965349878123035],[11.241393706369173,46.96961858902731],[11.319305886920601,46.99242719067443],[11.358286494924792,46.99036168616098],[11.405841459484094,46.96519484399686],[11.436661956327518,46.97436582447454],[11.479315863089004,47.01090940391229],[11.538076931642463,46.98410808039687],[11.624362662925622,47.01217472182395],[11.663344011747466,46.99299743351003],[11.710599057572566,46.99299354908622],[11.747168158030416,46.968902717557185],[11.781313203834934,46.99150349147216],[11.831451581725693,46.99239760078322],[11.978281077602624,47.04975420356679],[12.020061021655398,47.04676017304783],[12.093669077764195,47.07664763820923],[12.185165564700105,47.091456945988234],[12.224035242133587,47.0831730819083],[12.240192638001258,47.06793919133987],[12.216762768912277,47.05778274610378],[12.204865339941668,47.02720273395192],[12.14723288391636,47.024264265692445],[12.120987027233358,47.00665347451482],[12.137901140107859,46.98004229865754],[12.131508209817932,46.96294703302754],[12.168205328016201,46.9378891306451],[12.144133315354319,46.91401100228905],[12.18890217231412,46.90629603470913],[12.216230315869847,46.873869371751525],[12.24064203938624,46.89035644673708],[12.274476761122436,46.883241202201106],[12.306691437093374,46.840351981995944],[12.28315748780326,46.81463480855165],[12.291940746840513,46.80346823988104],[12.28384311848437,46.782902116748566],[12.35740655619117,46.77466334239623],[12.383690621817829,46.71655706391189],[12.477595181695758,46.67981981749721],[12.437516045413755,46.66892462031345],[12.40396790883985,46.64302496104681],[12.379773553393605,46.64290738956439],[12.385163328166872,46.6227817180878],[12.315894614390443,46.62999593483156],[12.286066742483852,46.61791144880374],[12.260203270046361,46.628711767251026],[12.192239221977617,46.594563709463],[12.194425893499089,46.61951511981015],[12.06826965252939,46.67507128053927],[12.065663776137859,46.62699102593261],[12.016504826370104,46.55353346498558],[12.013961766477081,46.55091280233782]]]}},{"type":"Feature","properties":{"reg_name":"Veneto"},"geometry":{"type":"Polygon","coordinates":[[[10.635380190883806,45.53543097969879],[10.631043073923806,45.609508673381576],[10.705606595392293,45.6764125473078],[10.840150472097324,45.83275599762336],[10.887585175826896,45.81164684594423],[10.8727237285926,45.78838368004843],[10.884976447358921,45.77465488256641],[10.866811131141693,45.763989777544595],[10.84383237642482,45.71859281460763],[10.925998666824816,45.6991725207443],[10.911997606236854,45.688314670696236],[10.9374596405839,45.67341569454767],[10.972202424509877,45.70181773530085],[10.968319498896472,45.680121091084466],[10.989468396784165,45.690718535746555],[11.011704325858558,45.71642080118282],[11.030460094186774,45.70568870298549],[11.055790722732965,45.71824352576997],[11.12534616074868,45.69043798156517],[11.178432136034335,45.73806409392918],[11.173965663332288,45.787082349416316],[11.202787776741248,45.783372963614084],[11.188821243577607,45.81357254020108],[11.239572113736772,45.857025872790835],[11.236877572573002,45.88076977046509],[11.255080815653844,45.884006552126195],[11.258322541720146,45.92067793353383],[11.303775776976844,45.918236566424035],[11.300686661239663,45.93519813008065],[11.349314925580186,45.90953164823199],[11.358295523485216,45.943662228215196],[11.382358792727802,45.94786113930094],[11.37373991073995,45.98350283156172],[11.44666384183682,45.980922873381736],[11.510704083859327,46.01199864713531],[11.577230061767603,46.006520280160494],[11.58759202461227,45.96899707300028],[11.676235583644392,45.96583122182328],[11.689624096436717,45.988510341648684],[11.666649060890524,46.01709793245125],[11.681865897862048,46.02841578734101],[11.666183818384974,46.03621403162668],[11.705484470084764,46.04675436192331],[11.6864630306509,46.06700277442263],[11.685289241546513,46.093568913060025],[11.891765174221312,46.12047547787639],[11.9286272411628,46.17580043922322],[11.950825393949039,46.17011371540331],[11.962440718737328,46.19912915983882],[11.939358748877964,46.198820412219575],[11.909569450361648,46.22442755987473],[11.929099455735452,46.248832888671316],[11.891986530220693,46.2526285461465],[11.88524794929762,46.278808757467665],[11.835181422792237,46.27411754036535],[11.826261275387683,46.28497052595666],[11.841446209692396,46.30634051743257],[11.831891161450791,46.322661438730954],[11.774378551985945,46.35824165458297],[11.820173197628158,46.376621054154775],[11.835343389062318,46.36592009024108],[11.850297722980923,46.43418897976769],[11.888130602461134,46.44177550055046],[11.878648405627091,46.47028933445902],[11.81039285656129,46.48486540854869],[11.851350811250693,46.51783638941571],[11.945494686303205,46.529416944665435],[11.967811296859988,46.54457172345083],[11.998418884010851,46.532855710212615],[12.046693548722592,46.584724452031935],[12.046623601159906,46.608081503349936],[12.071370457872193,46.64160112355229],[12.06826965252939,46.67507128053927],[12.194425893499089,46.61951511981015],[12.192239221977617,46.594563709463],[12.260203270046361,46.628711767251026],[12.286066742483852,46.61791144880374],[12.315894614390443,46.62999593483156],[12.385163328166872,46.6227817180878],[12.379773553393605,46.64290738956439],[12.40396790883985,46.64302496104681],[12.437516045413755,46.66892462031345],[12.477595181695758,46.67981981749721],[12.519636658202717,46.676766228953426],[12.567032014920127,46.65080404843666],[12.61901034505518,46.661112988573706],[12.686030678377271,46.65603653082956],[12.73198089514063,46.633812408853856],[12.706242115624503,46.62077640526326],[12.707841350501878,46.6020294568863],[12.636870726252521,46.57202776322761],[12.620204872556116,46.54376941775864],[12.630075179514028,46.500825520846824],[12.662363382893748,46.46796732206011],[12.620751490660869,46.47536728332557],[12.606787802097015,46.46428481138321],[12.568196843139308,46.47571558478008],[12.54169038181714,46.45843581877492],[12.530182333693604,46.46445063217475],[12.492478162706604,46.42426073984751],[12.498693635571806,46.41219738603407],[12.455047618561473,46.391668298963786],[12.462944816999364,46.369261889195975],[12.417378715432498,46.35485166283793],[12.409534676643512,46.33063485754232],[12.35465666073827,46.31968051521246],[12.351435608336335,46.29380088862638],[12.322751019324803,46.27312300204641],[12.323996836782024,46.25615316181762],[12.35552811140123,46.231156590343055],[12.401681084928581,46.228996929654734],[12.406271358456062,46.20727447607645],[12.44645393807402,46.20776611484144],[12.44698327924313,46.180341273702645],[12.495391875808597,46.15049709449308],[12.485267474497205,46.10652086361155],[12.435646276684064,46.08312468245093],[12.398988628865595,46.041423165504],[12.426833129936156,45.99639335060584],[12.425716509330073,45.94762219920594],[12.506000810018978,45.92271079557203],[12.52318760710458,45.903090978084364],[12.508288139645586,45.896983313691514],[12.532567969176926,45.880266674884666],[12.531104172024687,45.863073737327305],[12.549614667573593,45.86069627367907],[12.55930054431967,45.825924355515916],[12.593845456820858,45.81517925100511],[12.605683013128445,45.838247036935094],[12.647268088529513,45.8199968666892],[12.64972909194013,45.80187548360866],[12.669041996631202,45.790886850924856],[12.729971817581676,45.8372566372195],[12.742863984563344,45.82661932201601],[12.779825625134865,45.854442791895714],[12.80330700233444,45.844965236946464],[12.80858355906615,45.82017598109306],[12.861225759328955,45.85061466572536],[12.890061131659069,45.82047459267813],[12.920513095474496,45.83134026131105],[12.929495523158936,45.817351083562684],[12.952065062723852,45.822206126791045],[12.961429600743742,45.84687171033009],[12.979045768805639,45.834041724327385],[12.97418887721169,45.82336442132817],[12.98207474233412,45.82729512419529],[12.973317162887053,45.82027356522793],[12.99324176500162,45.815014231809165],[12.977883379823059,45.81371919480283],[12.98077436486319,45.79748305413919],[12.991721975918235,45.79781661067679],[12.977837250578336,45.787941247934555],[13.006064031110101,45.76590845025742],[13.001190728957033,45.7492878353353],[13.016063352868043,45.73591846758576],[13.008307473593323,45.724892113610224],[13.029206182204417,45.7361679785385],[13.036844276617435,45.69938422708645],[13.053249676950088,45.694515406426014],[13.043597270582952,45.68548317110327],[13.066235191732282,45.67343507188894],[13.063374083384822,45.65677056895599],[13.083132311140554,45.65805420712702],[13.102230410103285,45.64149498880384],[12.91265017522406,45.6141633781655],[12.729802125972105,45.529258529154085],[12.467536365284223,45.44477393254673],[12.427986605132896,45.41850771329457],[12.401960499606124,45.42866708609493],[12.360709047884551,45.3960209717201],[12.33093065056519,45.35100770150819],[12.330394350956855,45.337170705533694],[12.34276032777186,45.333777900122875],[12.32001628570985,45.32044426046036],[12.298014699722454,45.24560298642014],[12.314934347937486,45.23369953903978],[12.30045964068471,45.21944794595444],[12.306017764015243,45.19531574570902],[12.334687621992318,45.16377963238878],[12.333897446453104,45.08901878917057],[12.4501434953069,45.010601901382294],[12.484937411471028,44.99305885824029],[12.505688674499236,44.99674133074967],[12.555263858266244,44.9657491700535],[12.509930666768263,44.92660584984226],[12.466072597184713,44.84370049564692],[12.424355534262286,44.827176499390696],[12.42236576588328,44.811057833805044],[12.398107721854077,44.792777500659106],[12.355161121026445,44.815113312527465],[12.340533773550963,44.8500700899614],[12.2941087223609,44.86035911255471],[12.281872214690964,44.91001556591063],[12.294737332057098,44.92741454421479],[12.281853984242886,44.94126178377078],[12.224971817956783,44.92298072526755],[12.187670116120147,44.92643259701974],[12.170675931515477,44.942047383477394],[12.14443032274788,44.928288739511686],[12.113134133583044,44.96036660181775],[12.047486843196006,44.976963507553144],[11.962678873126167,44.98682771783861],[11.924583091281075,44.974676782380335],[11.80471913689936,44.97696126987197],[11.745631001710603,44.95733381443557],[11.73407254433501,44.92713534815161],[11.671277786538287,44.914756263392704],[11.61959038442124,44.888064737366996],[11.593535918426584,44.890892242806686],[11.583334567317868,44.91419545289475],[11.531976519887753,44.93683386194836],[11.427494812842092,44.92956262949662],[11.421912206124471,44.96383000023254],[11.274037872610133,45.01825858629185],[11.26590254213196,45.05622390844674],[11.24044088807831,45.042953767583555],[11.175279829114737,45.060066315882914],[11.188368223019745,45.08408482590704],[11.177508735685496,45.09734496336883],[11.203434135031253,45.11166728692409],[11.146437334309603,45.126068264903125],[11.127404591230142,45.10322716954803],[11.102143824073053,45.11313793663815],[11.097572677648044,45.09524710435451],[11.07294249043036,45.09874859437303],[11.028696851451395,45.123045405993985],[11.049459199916313,45.15068777764296],[11.028365545738662,45.15923800594397],[10.993731462102502,45.1515305504421],[10.996778036037961,45.18738473749192],[10.934982212681538,45.214202342363976],[10.936790161222216,45.23293856638018],[10.84660810424607,45.256568843798476],[10.782815303410473,45.31542157934705],[10.728348037911491,45.291302133185084],[10.7311508783499,45.315190386446574],[10.706382650460423,45.31630130427102],[10.715029519166658,45.33386815070485],[10.686904802767392,45.34264978273129],[10.685544412922736,45.35368461620993],[10.714626309011932,45.36793125185512],[10.698267213260076,45.37899520161088],[10.717629674345954,45.39669019893776],[10.716484394172532,45.414979971986526],[10.66523409088153,45.42771707206204],[10.643865135048506,45.41781726996976],[10.646764498444973,45.4410436729331],[10.623645985976266,45.44361601020423],[10.647737085220971,45.448536642430696],[10.63673569241791,45.52090160222379],[10.635380190883806,45.53543097969879]]]}},{"type":"Feature","properties":{"reg_name":"Friuli-Venezia Giulia"},"geometry":{"type":"MultiPolygon","coordinates":[[[[13.516912363621897,46.38301199592809],[13.438988500712322,46.360209792453546],[13.447255734715048,46.33039164731052],[13.402797140161272,46.299995497446],[13.375547489950051,46.29821771287604],[13.422451260161159,46.23433523804071],[13.410773966139478,46.21229624213653],[13.48438569474781,46.224552362162996],[13.551999872464881,46.20916952823143],[13.566947563217987,46.18566866522569],[13.645717508934458,46.18834760938322],[13.664165646338414,46.170897469174626],[13.644542663713484,46.13810559644875],[13.572087859969077,46.08861523861422],[13.500964166054882,46.06166256637888],[13.50665809976658,46.03225133508369],[13.476190263760719,46.00625385097461],[13.540980039815597,45.964866317803185],[13.568710077918897,45.969172967741336],[13.589911291189168,45.98966828186296],[13.642005610693483,45.98362158311558],[13.636272942434346,45.934043006220634],[13.590326962983527,45.8883191401227],[13.57445833963615,45.843081419421075],[13.603310467119325,45.80424938663524],[13.670534642762073,45.79816455723568],[13.73589395907163,45.759648963782105],[13.796296436878556,45.742703023159024],[13.858128814682207,45.66566857769377],[13.918853091379857,45.6335707817738],[13.84938031471965,45.58477770719721],[13.723064029541876,45.59478023725508],[13.720112161127412,45.605842383415315],[13.73112061794105,45.60875262493103],[13.783426988478558,45.59872564979348],[13.807597626468631,45.612576664753426],[13.783897864806404,45.61302701481878],[13.773639862993605,45.635314685878676],[13.756846830772547,45.627889976437245],[13.748684511321812,45.64404032897573],[13.769256894478781,45.65295830892449],[13.753411006619773,45.68047592709619],[13.676951796246957,45.73698026534873],[13.631006710596429,45.76807174595998],[13.561908807254229,45.7784227056263],[13.533451524194188,45.804726084822526],[13.54461642973883,45.793281934015],[13.53003426418785,45.78811093296777],[13.547884187102998,45.78284872192943],[13.525160877318813,45.76971147665013],[13.517189672945737,45.74359161062515],[13.553187474428826,45.72455623025442],[13.46490926352835,45.70709408169942],[13.433324162304247,45.67873776651294],[13.34311760818147,45.680523467988245],[13.245795622893402,45.719502954191796],[13.152268656662967,45.70050258002454],[13.100794338505287,45.64339220462943],[13.063374083384822,45.65677056895599],[13.066235191732282,45.67343507188894],[13.043597270582952,45.68548317110327],[13.053249676950088,45.694515406426014],[13.036844276617435,45.69938422708645],[13.029206182204417,45.7361679785385],[13.008307473593323,45.724892113610224],[13.016063352868043,45.73591846758576],[13.001190728957033,45.7492878353353],[13.006064031110101,45.76590845025742],[12.977837250578336,45.787941247934555],[12.991721975918235,45.79781661067679],[12.98077436486319,45.79748305413919],[12.977883379823059,45.81371919480283],[12.99324176500162,45.815014231809165],[12.973317162887053,45.82027356522793],[12.98207474233412,45.82729512419529],[12.97418887721169,45.82336442132817],[12.979045768805639,45.834041724327385],[12.961429600743742,45.84687171033009],[12.952065062723852,45.822206126791045],[12.929495523158936,45.817351083562684],[12.920513095474496,45.83134026131105],[12.890061131659069,45.82047459267813],[12.861225759328955,45.85061466572536],[12.80858355906615,45.82017598109306],[12.80330700233444,45.844965236946464],[12.779825625134865,45.854442791895714],[12.742863984563344,45.82661932201601],[12.729971817581676,45.8372566372195],[12.669675306757862,45.79078998030845],[12.64972909194013,45.80187548360866],[12.647268088529513,45.8199968666892],[12.605683013128445,45.838247036935094],[12.593845456820858,45.81517925100511],[12.55930054431967,45.825924355515916],[12.549614667573593,45.86069627367907],[12.531104172024687,45.863073737327305],[12.532567969176926,45.880266674884666],[12.508288139645586,45.896983313691514],[12.52318760710458,45.903090978084364],[12.506000810018978,45.92271079557203],[12.42584220623486,45.947352055337596],[12.426833129936156,45.99639335060584],[12.398988628865595,46.041423165504],[12.435646276684064,46.08312468245093],[12.485267474497205,46.10652086361155],[12.495391875808597,46.15049709449308],[12.44698327924313,46.180341273702645],[12.44645393807402,46.20776611484144],[12.405284946935236,46.207658086678684],[12.401681084928581,46.228996929654734],[12.35552811140123,46.231156590343055],[12.321326213828689,46.264570218437065],[12.351435608336335,46.29380088862638],[12.35465666073827,46.31968051521246],[12.409534676643512,46.33063485754232],[12.417378715432498,46.35485166283793],[12.462944816999364,46.369261889195975],[12.455047618561473,46.391668298963786],[12.498693635571806,46.41219738603407],[12.492478162706604,46.42426073984751],[12.530182333693604,46.46445063217475],[12.54169038181714,46.45843581877492],[12.568196843139308,46.47571558478008],[12.606787802097015,46.46428481138321],[12.620751490660869,46.47536728332557],[12.662363382893748,46.46796732206011],[12.630075179514028,46.500825520846824],[12.619163995336317,46.54003573841037],[12.628733454618404,46.560595045415326],[12.707841350501878,46.6020294568863],[12.70880780761131,46.62351563537863],[12.759716874747943,46.647596980877054],[12.83089868359799,46.63060665247045],[12.833654244283936,46.61065476698964],[12.84703597246256,46.60580367438865],[13.094099451644347,46.59890214909139],[13.163668655095915,46.5886046867511],[13.232525210569067,46.5535910088286],[13.320536575937703,46.55209025667313],[13.3727504715915,46.57935960154848],[13.425433344593516,46.557910411220696],[13.504100246859077,46.56607595956458],[13.518169168801345,46.54729764460711],[13.548364453474127,46.553249741672296],[13.569900813019602,46.538883639972255],[13.597045843700386,46.54575502134577],[13.713851953313034,46.52308313815085],[13.688771638074993,46.43986611389548],[13.598629458964618,46.43903818848506],[13.569548152677225,46.40169086748217],[13.522401957832,46.38491882399272],[13.516912363621897,46.38301199592809]]],[[[13.758194577931146,45.663135674451325],[13.758227817182364,45.66310137701753],[13.762026338419213,45.65656679947024],[13.761966772136265,45.65621814534481],[13.759589765678772,45.66029931404324],[13.757138483520789,45.663870791152995],[13.757100109472733,45.663905257558895],[13.757062703817613,45.66393963852772],[13.75703344085555,45.663968161669565],[13.757004473157735,45.663998499805906],[13.756975069403184,45.664030809480515],[13.75695396061969,45.66407039731989],[13.756947250961815,45.664112948855994],[13.756973284735839,45.664143475978236],[13.757016415535901,45.66414885921435],[13.757071015749947,45.664151427841816],[13.757123796805441,45.66415298317309],[13.758194577931146,45.663135674451325]]]]}},{"type":"Feature","properties":{"reg_name":"Emilia-Romagna"},"geometry":{"type":"MultiPolygon","coordinates":[[[[9.332580785900287,44.73504034629492],[9.284722091563191,44.767091744576554],[9.363098293962604,44.8224038895129],[9.342381879846869,44.8672714589423],[9.277409533167564,44.89560893450794],[9.292966795842966,44.920457848874406],[9.285027724332439,44.93176639700836],[9.32154281240194,44.943966205538295],[9.343979225177772,44.9929161710887],[9.375605660530628,45.01991804942658],[9.370820124791253,45.04815383213946],[9.410777783305715,45.082754624553544],[9.499286070171113,45.103919678524896],[9.533417590786241,45.07890264907739],[9.551000006123886,45.09079146484971],[9.535754359047916,45.1220008514178],[9.548661304684034,45.13265151991728],[9.587446998623195,45.09962498894568],[9.629351604110386,45.132032823869594],[9.64091683691821,45.11662066789798],[9.634935518918496,45.08397790872297],[9.714995005975439,45.05823683751664],[9.749593768116336,45.07783683833777],[9.74506916765858,45.11093874174539],[9.757535705254744,45.112538529226995],[9.778962214974449,45.08958407091466],[9.813262369429584,45.078103307269814],[9.8237586715906,45.052590618183366],[9.838357325237196,45.09564620862593],[9.861519796376637,45.0935564710509],[9.880650037096078,45.0747949782716],[9.896772758322948,45.080538642113176],[9.900628073534913,45.095442155793016],[9.877825932461546,45.11353310011188],[9.881033422371056,45.127001886842436],[9.92260601566331,45.135936339432384],[9.918487334110756,45.09960279881443],[9.985465587149035,45.13343076171431],[10.028531935025345,45.09622512895552],[10.021649626660048,45.07589052282995],[10.046946126112127,45.05928568876703],[10.050223560763337,45.041279032716595],[10.082307534936264,45.0466055798664],[10.092877607327747,45.02376202643931],[10.161003390136806,45.04437878249271],[10.187295907123195,45.02821575093445],[10.211067550304056,45.03403182115535],[10.27393413651919,44.99852118914661],[10.304687581551391,44.99903809404028],[10.355284571501493,44.966159011666406],[10.407996480423476,44.98383526806847],[10.437757344837413,44.94204771077294],[10.567027905256335,44.90839790724743],[10.627881457494778,44.92420182970507],[10.68668004065286,44.98659267956037],[10.694741002145014,44.96194015833],[10.727396780532395,44.99202573963132],[10.741053025174224,44.980908723734814],[10.744566559717319,44.94892911554937],[10.865391527058206,44.92961813642026],[10.876633184254704,44.917058909349066],[10.89799102534435,44.92180554014462],[10.890308766598965,44.91243772859654],[10.941373627186426,44.92191399460451],[10.997472404767382,44.95508698215801],[11.059537707203836,44.948887790709904],[11.076199087506582,44.96159517083223],[11.152435622084427,44.93324454055775],[11.246205691807146,44.95143858598219],[11.27225723428784,44.93832271740273],[11.285372897893724,44.95676128968645],[11.322796388049413,44.96116411655121],[11.357155454240198,44.950080507927886],[11.426178123714154,44.952070898472186],[11.4293734348109,44.92904555447518],[11.531976519887753,44.93683386194836],[11.583334567317868,44.91419545289475],[11.593535918426584,44.890892242806686],[11.617372990734468,44.888034597778415],[11.671277786538287,44.914756263392704],[11.73407254433501,44.92713534815161],[11.745631001710603,44.95733381443557],[11.80646802328854,44.97716132557583],[11.924583091281075,44.974676782380335],[11.962678873126167,44.98682771783861],[12.047486843196006,44.976963507553144],[12.113134133583044,44.96036660181775],[12.14443032274788,44.928288739511686],[12.170675931515477,44.942047383477394],[12.187670116120147,44.92643259701974],[12.224971817956783,44.92298072526755],[12.27616433140957,44.94328871710566],[12.294737332057098,44.92741454421479],[12.281872214690964,44.91001556591063],[12.2941087223609,44.86035911255471],[12.340533773550963,44.8500700899614],[12.355161121026445,44.815113312527465],[12.398107721854077,44.792777500659106],[12.321932700812425,44.788516966061195],[12.385317145614982,44.78993850465123],[12.316929113212204,44.84126417310364],[12.285528071008493,44.839757767297925],[12.257775451104001,44.81519056613762],[12.270776197319467,44.81184843573116],[12.266309665955797,44.80435114629029],[12.285227807315017,44.818134729347754],[12.252149490174444,44.76938258094953],[12.241027084900828,44.711599248306534],[12.241514489270767,44.68575806964015],[12.281080350076094,44.59633430402455],[12.289025816421281,44.46412024590789],[12.357195872466264,44.27055401026804],[12.393358497051365,44.211995553974944],[12.515908203723587,44.105253389203405],[12.555807139025589,44.07853115071584],[12.574598360081888,44.079123303697834],[12.688202029265916,43.98712386476116],[12.750621442736197,43.96854450415858],[12.728687881518642,43.92165874046539],[12.734831139879375,43.89602482281171],[12.722653350012864,43.88028057243694],[12.733992573781011,43.87025902640682],[12.682458969723864,43.85286546050517],[12.674984930426286,43.82503754322491],[12.624301207311456,43.821047135107996],[12.610008543247844,43.83406594405068],[12.618902561663615,43.84262752141753],[12.589359692946596,43.865251513562185],[12.589492388835698,43.88564507633565],[12.542953457371967,43.86452206280952],[12.51817448988943,43.881041469672134],[12.49372192205674,43.8797039125217],[12.492406506208916,43.91827682474852],[12.515762757319735,43.94220079949402],[12.507019738600066,43.99145225899431],[12.439290978237393,43.95909747003895],[12.404592687933706,43.95569617174001],[12.415249509621846,43.93073547878945],[12.408355651362323,43.902971665140974],[12.439597328503487,43.90557481203509],[12.463139805972402,43.89015657474802],[12.445805813793793,43.87124828446005],[12.400608552135571,43.87277484919182],[12.398544440439906,43.8263582202131],[12.387966892197527,43.816787276019134],[12.34979439810827,43.79960153575757],[12.31588685094152,43.805637718181835],[12.286199790110153,43.7948596128393],[12.283780955023417,43.76491721240244],[12.248246110568367,43.751497182611274],[12.209292502823955,43.75505645233998],[12.194632657386748,43.731924322771306],[12.164805718141755,43.76108808180288],[12.077060609425697,43.74065395075143],[12.052887459666746,43.75697655030181],[11.986510523157142,43.76192759247721],[11.952655773945272,43.77657746574932],[11.947821106012793,43.79063757743758],[11.916980522220744,43.796137629237556],[11.910378086319703,43.81343989562988],[11.841673810374619,43.80802399677731],[11.784168361967314,43.847648062661904],[11.710166734969004,43.877445943278914],[11.717031647445062,43.92181760366623],[11.684205203289277,43.93512639379484],[11.691262394729733,43.95595796219119],[11.646018482474025,43.99067122606946],[11.663942709717077,44.00555061529848],[11.65766082214017,44.0177277097409],[11.681888778409146,44.02120405839899],[11.733401797990785,44.08470722072543],[11.752937176671084,44.12053625367707],[11.745004769762977,44.12596942267987],[11.681737638833672,44.12269631679523],[11.65257375820234,44.100857410280774],[11.614095065140386,44.11923454309653],[11.584574208203309,44.112205154969125],[11.616705604105553,44.14338080627508],[11.615364507077619,44.15825439604206],[11.564068455130228,44.167474521801054],[11.544818944330869,44.15260863335991],[11.516369510513131,44.15750460234426],[11.454623884363107,44.193748402308465],[11.451411079843192,44.22063071059184],[11.421067784847429,44.239246033777675],[11.380545126045057,44.20000076225834],[11.34054009567054,44.203771813225984],[11.281216425047374,44.15629811922364],[11.195730680406495,44.151414650202916],[11.260087610273361,44.11581077404812],[11.263687992820769,44.104272014305636],[11.244561624853018,44.09719965957662],[11.154855738833971,44.11181087818379],[11.088796481752969,44.09001687593694],[11.049427124629327,44.0902460680692],[11.002110623795222,44.112351704096184],[11.01492934422946,44.12521435483017],[11.006391387009621,44.138833232618275],[10.910063406539177,44.0625404559293],[10.892349011382084,44.09200552808288],[10.849214631348804,44.09814259714273],[10.754260013953166,44.15414837059621],[10.643980907498497,44.1600913541236],[10.622564351306668,44.141177052561446],[10.624055891542973,44.12036613364534],[10.593103756892818,44.11541513357501],[10.52493093005767,44.15700374630545],[10.522938734123727,44.174838429765494],[10.489243058447169,44.198456673259074],[10.484611671974294,44.22282510190494],[10.430782667676324,44.22664512592144],[10.377049988231486,44.267083955424546],[10.307116001453693,44.284323905040345],[10.253856660736478,44.26858093254834],[10.144533144391845,44.35328325253657],[10.098272904156172,44.34629335516703],[10.008398149983451,44.390102928399116],[9.989284712433154,44.40433116180693],[10.004317491302885,44.43733006056274],[9.972904411527995,44.450601891798726],[9.97013711895168,44.46459765348479],[9.819670132942507,44.46610100745297],[9.816731670691325,44.452050560950546],[9.755522911063586,44.404865344429524],[9.76047515792352,44.390049897784124],[9.674979435882909,44.36471301481765],[9.654548650091195,44.41174558118301],[9.601487815122956,44.43675890601128],[9.584920735497475,44.42840037393865],[9.554841077810453,44.43799434922614],[9.547438087691889,44.42683921450867],[9.492842222485015,44.42331618030364],[9.479034390162825,44.40925855440479],[9.472294714073172,44.421935541706524],[9.438393752222813,44.418541590621054],[9.468873108269152,44.48188068778313],[9.496803434917794,44.48273040451411],[9.504607670858661,44.52995999519449],[9.488180531722268,44.54556985657409],[9.49077210986063,44.55894555828815],[9.423076558884304,44.57461223117082],[9.42130623655568,44.59260430070061],[9.405628935442081,44.600806817853844],[9.3810803430133,44.57674963749112],[9.336341334122707,44.582029090926625],[9.3004186269751,44.60777398611881],[9.280230831083543,44.596170453868226],[9.246245270041292,44.59926911908219],[9.256538932193896,44.61059408908369],[9.245502619879245,44.619647809742226],[9.20042238603775,44.615333227016784],[9.20031989688178,44.68640483125319],[9.24213247814376,44.687456688346344],[9.235083700134084,44.71635987612469],[9.259475786698255,44.67994659701223],[9.298507087502351,44.68101424487876],[9.324805066599367,44.690258296380584],[9.308480723548053,44.70563453388732],[9.330546699207362,44.73010404677451],[9.332580785900287,44.73504034629492]],[[12.176541372322829,43.81054074810401],[12.169755043524868,43.80462521762354],[12.187734075964636,43.773738964808715],[12.239521818373746,43.786518210992476],[12.229788211866474,43.808681164538335],[12.176355210333936,43.81111312941539],[12.176541372322829,43.81054074810401]]],[[[9.299185166521463,44.69246177355832],[9.298858008651502,44.69265168168592],[9.298632741497796,44.69302137432482],[9.298670688116461,44.693114195285496],[9.29893950360583,44.69372277424686],[9.304205377751444,44.696550902670616],[9.304654628400675,44.6957871806235],[9.304673656540722,44.69564907524836],[9.30471549801829,44.6952930327301],[9.304607409488845,44.69426340770324],[9.304121622132385,44.69369804113134],[9.303646040501611,44.69336694925632],[9.303616141907922,44.693347862611176],[9.303001161887842,44.693037121180886],[9.301165199532221,44.692613677701765],[9.300676236329352,44.69250151584473],[9.299790804674467,44.6924331934602],[9.299185166521463,44.69246177355832]]],[[[9.28967513089433,44.70121856093497],[9.301732854621815,44.703086813884546],[9.289862481514588,44.700821989035525],[9.28967513089433,44.70121856093497]]],[[[10.480693083417579,44.189470197046305],[10.480626685271854,44.18945755673169],[10.480414941123719,44.18949631303732],[10.48031915599843,44.18966860929748],[10.480322085194361,44.189785614590946],[10.480425982379813,44.189937320993316],[10.48064449026983,44.19016856516327],[10.481289270586148,44.190448174855185],[10.481555465164421,44.19050787188688],[10.481801599739537,44.19040564637489],[10.481860979450715,44.19027883322428],[10.481847240777329,44.19014443825293],[10.481827849781096,44.18995515436767],[10.481782380596002,44.18990934849735],[10.481686649821155,44.18981293268562],[10.48139533762093,44.18967266690132],[10.481080265093958,44.18956875967382],[10.480802706560366,44.18949128634353],[10.480693083417579,44.189470197046305]]]]}},{"type":"Feature","properties":{"reg_name":"Marche"},"geometry":{"type":"Polygon","coordinates":[[[12.500817117835423,43.519625159925],[12.481371964032991,43.52753631601897],[12.459070914107704,43.51614054393364],[12.437908149142224,43.537673531470496],[12.416513866354874,43.53360517838932],[12.394824441907907,43.50883959880709],[12.37004267705221,43.53162740480345],[12.33323973618084,43.5235804728778],[12.312893804633296,43.54451493058994],[12.366927548405673,43.57721419173641],[12.361738515201743,43.5998898463444],[12.371296963586925,43.61116541133346],[12.354731505705793,43.61728557067139],[12.299108028258592,43.5859173071928],[12.258727494960977,43.58911823607237],[12.225045289093668,43.59435436531626],[12.18966730500061,43.63288294756282],[12.185508575456431,43.64182823694129],[12.248236019668713,43.6674027520662],[12.245070548961223,43.68147627235142],[12.293353927892822,43.68461475662193],[12.308318914177823,43.73017681968407],[12.31571892099292,43.67791910073668],[12.336046838896566,43.67764171120909],[12.330488986095729,43.7079651167976],[12.371320155287941,43.70902204197614],[12.32707417098214,43.75100981677612],[12.283780955023417,43.76491721240244],[12.284539466171122,43.793367831983204],[12.31588685094152,43.805637718181835],[12.34979439810827,43.79960153575757],[12.387966892197527,43.816787276019134],[12.398544440439906,43.8263582202131],[12.400608552135571,43.87277484919182],[12.445805813793793,43.87124828446005],[12.46964251202804,43.896603263622524],[12.541125963265783,43.86453307125284],[12.589492388835698,43.88564507633565],[12.589359692946596,43.865251513562185],[12.618902561663615,43.84262752141753],[12.610008543247844,43.83406594405068],[12.624301207311456,43.821047135107996],[12.674984930426286,43.82503754322491],[12.682458969723864,43.85286546050517],[12.733992573781011,43.87025902640682],[12.722653350012864,43.88028057243694],[12.734831139879375,43.89602482281171],[12.728687881518642,43.92165874046539],[12.751583504744469,43.969506853346985],[12.797592693266992,43.96517440149651],[12.907332209037733,43.923002444232786],[13.286192314758694,43.67917743804261],[13.454020382565965,43.61051473019113],[13.484209812526242,43.60773692721987],[13.495254459865857,43.622543845482355],[13.504294228273432,43.615536548236804],[13.50687335870621,43.63050068634945],[13.55169189570406,43.60289258318337],[13.575872572197362,43.56881340519033],[13.625544336472823,43.550333115801386],[13.623870625073078,43.502215947530075],[13.813660473288286,43.16893866444125],[13.881477737302397,42.964131470454895],[13.916207129906372,42.89459082545183],[13.706605680962404,42.84931664199485],[13.69930327955229,42.822615585162495],[13.663599847036707,42.80712738737428],[13.635516362494306,42.80330238342117],[13.624399850538355,42.8165414098406],[13.574701490274267,42.800813021969915],[13.53452113460343,42.816655346829165],[13.493443724449023,42.73661538711566],[13.447569690047523,42.731841762303596],[13.437565872136826,42.699197469988306],[13.427396931384672,42.706425289434854],[13.392599795099743,42.687382998035176],[13.341935168866504,42.70146852471002],[13.28413092596306,42.739842656086736],[13.264502464842277,42.74018117079792],[13.254152838939913,42.72145025016893],[13.187727883677802,42.73354458293449],[13.195137286758653,42.761908593952796],[13.221569570148548,42.77272136487496],[13.241263372025553,42.7627422937901],[13.264029084760987,42.808243684575835],[13.235917394621664,42.867254229790035],[13.210800683022999,42.84147584394947],[13.163323385490473,42.83238371736822],[13.112248684827245,42.88933184766667],[13.052276541339756,42.919550313286436],[13.024946050004322,42.902573654109375],[13.000978680001527,42.909292920222384],[12.990364245400125,42.872141623732176],[12.976154918743942,42.869803443045086],[12.976700462676853,42.92609587038948],[12.949334930234734,42.92995884012509],[12.948054716518483,42.94146779067807],[12.895822070507807,42.964592015074615],[12.908227860724073,42.985313315986254],[12.8879598574951,43.009801036983355],[12.906604395048669,43.03549518283299],[12.88993480927263,43.058884072287334],[12.897327694508288,43.093484619506114],[12.881307806658956,43.12121141406501],[12.843189651173297,43.1222749113812],[12.833146387702193,43.138967127024074],[12.862635100297256,43.16738819038408],[12.863685040993882,43.2092950707539],[12.836604773462021,43.21753429715102],[12.828694882838722,43.26061309488123],[12.788981566080928,43.283228257977335],[12.802427387825073,43.30470913670011],[12.794108068869573,43.33404796774332],[12.746809869278447,43.39045330463694],[12.780839177057603,43.41481409034439],[12.765562623152553,43.42712168116171],[12.771912486828276,43.4570729890791],[12.734616211800155,43.46434458580205],[12.708812508608416,43.42584235237626],[12.663176593427977,43.43683082556802],[12.619402668916521,43.41657358403759],[12.50364202105742,43.5183740878188],[12.500817117835423,43.519625159925]],[[12.40780556538273,43.602136242994085],[12.433429471581348,43.592700523846666],[12.42345085131759,43.61014941859352],[12.408735435187312,43.602352802353394],[12.40780556538273,43.602136242994085]]]}},{"type":"Feature","properties":{"reg_name":"Toscana"},"geometry":{"type":"MultiPolygon","coordinates":[[[[9.89785886995794,44.16359257925189],[9.934010411198948,44.196622130371104],[9.891210172311258,44.207812727801965],[9.864956845396163,44.18070787413676],[9.85755040667854,44.19350756537493],[9.875356615451444,44.22394276093366],[9.857027375544224,44.23402981687918],[9.852656940491675,44.270205117910066],[9.769486524932114,44.302211531228096],[9.753105861227253,44.32273034144459],[9.729455177038464,44.328330588695316],[9.7111492961982,44.363575249745956],[9.68670044224306,44.36593956090598],[9.76047515792352,44.390049897784124],[9.755522911063586,44.404865344429524],[9.82177019083441,44.4667594268589],[9.970712552532666,44.464440015318246],[9.972904411527995,44.450601891798726],[10.004317491302885,44.43733006056274],[9.989284712433154,44.40433116180693],[10.008398149983451,44.390102928399116],[10.098272904156172,44.34629335516703],[10.144533144391845,44.35328325253657],[10.253856660736478,44.26858093254834],[10.307116001453693,44.284323905040345],[10.377049988231486,44.267083955424546],[10.430782667676324,44.22664512592144],[10.484611671974294,44.22282510190494],[10.489243058447169,44.198456673259074],[10.522938734123727,44.174838429765494],[10.52493093005767,44.15700374630545],[10.59253419459671,44.11561214284044],[10.624055891542973,44.12036613364534],[10.622564351306668,44.141177052561446],[10.640993598748471,44.15951994435189],[10.751924521727023,44.15467033072571],[10.8041105111552,44.118619887238616],[10.901936064564019,44.086349422843135],[10.904729843393342,44.063250754623816],[10.944143299704788,44.081227872346744],[11.006391387009621,44.138833232618275],[11.01492934422946,44.12521435483017],[11.002110623795222,44.112351704096184],[11.049427124629327,44.0902460680692],[11.088796481752969,44.09001687593694],[11.154855738833971,44.11181087818379],[11.247330360834706,44.09777093657294],[11.263687992820769,44.104272014305636],[11.260087610273361,44.11581077404812],[11.195730680406495,44.151414650202916],[11.281216425047374,44.15629811922364],[11.34054009567054,44.203771813225984],[11.380545126045057,44.20000076225834],[11.421067784847429,44.239246033777675],[11.451411079843192,44.22063071059184],[11.454623884363107,44.193748402308465],[11.516369510513131,44.15750460234426],[11.544818944330869,44.15260863335991],[11.564068455130228,44.167474521801054],[11.615364507077619,44.15825439604206],[11.616705604105553,44.14338080627508],[11.584574208203309,44.112205154969125],[11.614095065140386,44.11923454309653],[11.65257375820234,44.100857410280774],[11.681737638833672,44.12269631679523],[11.752937176671084,44.12053625367707],[11.681888778409146,44.02120405839899],[11.65766082214017,44.0177277097409],[11.663942709717077,44.00555061529848],[11.646018482474025,43.99067122606946],[11.691262394729733,43.95595796219119],[11.684205203289277,43.93512639379484],[11.717031647445062,43.92181760366623],[11.710166734969004,43.877445943278914],[11.732021554276123,43.86338505387151],[11.784168361967314,43.847648062661904],[11.841673810374619,43.80802399677731],[11.910378086319703,43.81343989562988],[11.913098448944222,43.79892869670188],[11.948284669297454,43.79038147104506],[11.953380467626546,43.776088692409445],[12.052887459666746,43.75697655030181],[12.070317553231792,43.740811224204975],[12.160047018822546,43.761688042269476],[12.194632657386748,43.731924322771306],[12.209292502823955,43.75505645233998],[12.248246110568367,43.751497182611274],[12.283780955023417,43.76491721240244],[12.32707417098214,43.75100981677612],[12.371320155287941,43.70902204197614],[12.330488986095729,43.7079651167976],[12.336046838896566,43.67764171120909],[12.31571892099292,43.67791910073668],[12.308318914177823,43.73017681968407],[12.293353927892822,43.68461475662193],[12.245070548961223,43.68147627235142],[12.249481557809409,43.66893381407366],[12.233343891664248,43.65649538079958],[12.185508575456431,43.64182823694129],[12.213832684495852,43.61088614381951],[12.16266220141282,43.5613666660541],[12.15323667941088,43.5287054407653],[12.1027280475681,43.52993264432839],[12.090892289079704,43.5112299378139],[12.09509482425908,43.49916490986592],[12.144825776964026,43.479574035121416],[12.143244515841328,43.47029294184471],[12.025210449791935,43.41557388429967],[12.033664382830379,43.40023624860141],[12.077306100840424,43.4021444599894],[12.076995860489424,43.36583274881895],[12.102570269655933,43.37245073963382],[12.124820125124096,43.3580111851228],[12.135430090332148,43.34065403235318],[12.132602517968444,43.2930373209121],[12.177041170594853,43.281781891521824],[12.195082321335502,43.3142239504759],[12.223889502739707,43.295795749357396],[12.092365093357408,43.235908076366236],[12.043323104361756,43.25071184553164],[12.023350465948946,43.18726014097915],[11.924981927584742,43.14925338558564],[11.913251014395746,43.12765843726588],[11.930948150286667,43.0923972669832],[11.923751403463402,43.07521592492989],[11.940071856503085,43.05328252281622],[11.9565888365665,43.06867678500588],[11.982402941614378,43.05094814641413],[11.932722791515818,42.90849706256564],[11.958798290173082,42.89156141659877],[11.959041894503425,42.870587533797746],[11.928668138673833,42.868917092089056],[11.894592608675033,42.8342884024667],[11.847437642203165,42.83765564177715],[11.814572587121535,42.82335162512596],[11.8068502157086,42.79485626120389],[11.774240115214909,42.821070176502026],[11.753349305397183,42.802236015438744],[11.74601785992857,42.7857596544892],[11.77941952196435,42.758017663939654],[11.81948605185553,42.74542588963356],[11.801555697526368,42.707191578337714],[11.779960389623549,42.705345322463195],[11.785159040657385,42.67219249662077],[11.809282467739955,42.65295188279685],[11.780886173733109,42.63468291084056],[11.74975657852777,42.63964887022539],[11.73597409595439,42.60666401889361],[11.710291878922865,42.610022117493926],[11.67985146801979,42.59524602816589],[11.681735352898038,42.58181166254799],[11.643761703181951,42.5666996891223],[11.61401258122285,42.55723360437537],[11.578717721979586,42.56719940139655],[11.58584315756647,42.54176188823665],[11.560857026110689,42.5170281357544],[11.616294307326003,42.488481490573264],[11.617709304356001,42.43604425110956],[11.488888402081715,42.43937035650826],[11.450807831843118,42.395047803425115],[11.44985198639534,42.37754018126047],[11.242479838112471,42.418329842908484],[11.21024986725909,42.40855677176367],[11.213248580571817,42.388482720673856],[11.191957396610466,42.37935525422856],[11.189861607631698,42.36474765647702],[11.152900734668156,42.36119337185019],[11.12733770713063,42.38568815741161],[11.09806825831378,42.393252006463456],[11.08855535280337,42.42725847642261],[11.105205933567834,42.44754957829169],[11.123305307699397,42.43450232885464],[11.172791341916254,42.4444777540421],[11.19207083501031,42.50134565095842],[11.178970296168995,42.53818370757712],[11.15678720085635,42.56276671395509],[11.134153299598118,42.55142091512877],[11.122715534001019,42.55848468491052],[11.099390469560996,42.60454545309205],[11.082286063777463,42.613727781086624],[11.085326039830237,42.626819921541575],[11.013565603766068,42.657021636246284],[10.980217781619478,42.715755367093635],[10.95154518277184,42.73689365593148],[10.867465885867913,42.76465695936561],[10.784965355463772,42.77483344780151],[10.730845945474593,42.80190334934315],[10.758435071992265,42.808841998731765],[10.772727790652846,42.83104788213636],[10.770670400707905,42.8674837844185],[10.786623989436103,42.88836921166514],[10.773621400918234,42.90880468347487],[10.712290676552742,42.94000930516942],[10.645768283414055,42.95311535321979],[10.561207778371829,42.95094518637822],[10.543141610724721,42.92075605141958],[10.497541574707855,42.93190425846948],[10.48316845043052,42.988101615597145],[10.516062146828093,42.99908413774571],[10.536571771951808,43.08394124214847],[10.52598463826839,43.23975813429105],[10.50188812939771,43.2901866313283],[10.457182949564064,43.325404755034846],[10.42549023562366,43.3991215780911],[10.40498065667801,43.405192215068226],[10.379101626161091,43.448867180371785],[10.330446321020137,43.473835405573816],[10.292500845980427,43.546953605944864],[10.303839209046487,43.54881227680102],[10.29587961402589,43.553693644439925],[10.31992517571509,43.58432928051052],[10.294402695453604,43.56065024788389],[10.298982129524173,43.58145399213607],[10.269709602352254,43.67690027590943],[10.282597009725315,43.68641968623382],[10.27759945937739,43.737515920207585],[10.239537277234302,43.87017178103917],[10.143623046313436,43.975378547774135],[10.018772970142269,44.04447690754418],[10.066365618767328,44.086635155717666],[10.06602633425053,44.100703279079305],[10.018610566860138,44.11924714229608],[9.993311108134403,44.09268425541913],[9.97334395603106,44.16710958929004],[9.902765434754482,44.16566617885115],[9.89785886995794,44.16359257925189]],[[10.480693083417579,44.189470197046305],[10.480802706560366,44.18949128634353],[10.481080265093958,44.18956875967382],[10.48139533762093,44.18967266690132],[10.481686649821155,44.18981293268562],[10.481782380596002,44.18990934849735],[10.481827849781096,44.18995515436767],[10.481847240777329,44.19014443825293],[10.481860979450715,44.19027883322428],[10.481801599739537,44.19040564637489],[10.481555465164421,44.19050787188688],[10.481289270586148,44.190448174855185],[10.48064449026983,44.19016856516327],[10.480425982379813,44.189937320993316],[10.480322085194361,44.189785614590946],[10.48031915599843,44.18966860929748],[10.480414941123719,44.18949631303732],[10.480626685271854,44.18945755673169],[10.480693083417579,44.189470197046305]]],[[[10.106779274964863,42.58451660101687],[10.10686403273102,42.584374044813686],[10.1070459421277,42.58402667289438],[10.107063580515023,42.583770998199164],[10.107089885974133,42.583370018081155],[10.107087885420459,42.58325069335364],[10.107052756974584,42.58315056538546],[10.106950911487653,42.58308541500781],[10.106774080591144,42.58307811780565],[10.106536846840102,42.583100671952785],[10.105724329625838,42.5833942167518],[10.105614233474492,42.583474633046634],[10.10548021384804,42.58362926831652],[10.105336723523916,42.58380343159321],[10.105311495697274,42.58392750112935],[10.105385868123667,42.58434328910662],[10.106019320371828,42.58450152601745],[10.106284384957453,42.5845233945003],[10.106461645844087,42.58453327740721],[10.106779274964863,42.58451660101687]]],[[[10.079652079118201,42.61935464916133],[10.099933369206738,42.5746945534659],[10.049583092477057,42.57523442618737],[10.046188417833871,42.58577704490459],[10.081451436182656,42.6014123825907],[10.079484065501532,42.619340425950426],[10.079652079118201,42.61935464916133]]],[[[10.080288600410892,42.6219667961078],[10.08025273724169,42.6218320519249],[10.080199637030043,42.62175825774088],[10.08015001918795,42.621733324539626],[10.080088313181491,42.62170279937264],[10.079977775408944,42.621681449217895],[10.07987554408211,42.62168944089321],[10.079726145143423,42.62170158734462],[10.079467735316497,42.62174264296037],[10.079407359959145,42.62177698268631],[10.079408526590539,42.621844512433846],[10.079442947829895,42.62189597001664],[10.079767678945226,42.62234093224823],[10.079823554859262,42.62239894074661],[10.079927666042865,42.62241568765492],[10.080147499353755,42.6224454172553],[10.080185995127733,42.622379764026626],[10.080288600410892,42.6219667961078]]],[[[10.26537231849995,42.74474394753268],[10.238012600175919,42.74823312681735],[10.236789352281358,42.726037109304514],[10.140677046210408,42.73228737045327],[10.122151658900984,42.74195948077966],[10.103175501933428,42.783628890999026],[10.136577497029686,42.80741581911685],[10.185173945377416,42.811394159701564],[10.241861514677668,42.78738889167213],[10.275209811128988,42.81750707727753],[10.263785116906748,42.82984856481574],[10.32882813006469,42.818002774844466],[10.314475821289124,42.807146038880035],[10.34983793125212,42.79736447511411],[10.41144241855027,42.87298932015785],[10.442206574270307,42.84815722238565],[10.428623559547145,42.816134393368735],[10.434070700906513,42.775489273450326],[10.38571094995524,42.75934788641699],[10.43090298015077,42.73578193257648],[10.431551281726861,42.712520461752746],[10.382330191032706,42.71540737094897],[10.344626871584097,42.76394483805711],[10.318177003007865,42.75997493152357],[10.319510996942642,42.7360191805242],[10.307618620404286,42.75956018283179],[10.29100379135349,42.75305333507194],[10.287032255767466,42.73562344530122],[10.266364387597676,42.7421619821585],[10.26537231849995,42.74474394753268]]],[[[10.413087108095846,42.709600687826715],[10.413014714010833,42.70959967467362],[10.41295282903867,42.70960615662077],[10.412873115398238,42.709624295260326],[10.412806321034346,42.70964227446115],[10.41275270652527,42.70967152779443],[10.412733461732605,42.70973466740276],[10.412721968781293,42.709797712279915],[10.4127190908964,42.709898772220996],[10.412774996565796,42.70997051597697],[10.412922552300888,42.710094499925496],[10.412987886766338,42.710126097673495],[10.413068205086018,42.71013463787188],[10.413104338186095,42.71013228558472],[10.413145422630597,42.71012034185218],[10.413149811888529,42.710085977402294],[10.413160225574423,42.70967647673135],[10.413144516129496,42.70962475938727],[10.413087108095846,42.709600687826715]]],[[[10.361103727792727,42.71320593066737],[10.3609686475683,42.71317151472221],[10.360895592827651,42.71318138823202],[10.360946788090327,42.713288842972],[10.36097218904848,42.713333567784126],[10.361009403929975,42.7133601415157],[10.361120658861907,42.713421855696495],[10.361229282601547,42.71347341240691],[10.361268735504913,42.71349213741635],[10.361329187096935,42.71346440371625],[10.361351833109298,42.71338308649109],[10.361289215657452,42.71331178905553],[10.361103727792727,42.71320593066737]]],[[[10.361025154167946,42.713522048573736],[10.360926544998161,42.71349662501367],[10.360636841474,42.71363472602359],[10.360700638807607,42.71376004180678],[10.360973410137328,42.71396208787002],[10.361060196734245,42.71400791660362],[10.361146051494838,42.714024906855535],[10.361279165675358,42.71396929260373],[10.361339420892634,42.71393255499822],[10.36128802882014,42.71381609745212],[10.361025154167946,42.713522048573736]]],[[[10.406130017770431,42.71326595533446],[10.406033530104573,42.7132508566145],[10.406063301313123,42.71335882150646],[10.406113080532792,42.7135290421565],[10.406403066401488,42.713561033285956],[10.406480347185418,42.713569557764565],[10.406449830644037,42.71329977560583],[10.406397180825833,42.71330042221284],[10.406194503390358,42.71327607976741],[10.406130017770431,42.71326595533446]]],[[[10.37329145807536,42.71616401507883],[10.373180981776644,42.716138324766746],[10.373132542436094,42.71615691624747],[10.373199345496907,42.716417267029236],[10.373261450803358,42.716452617453086],[10.37332223003595,42.71645181474786],[10.373392505280071,42.7163158929559],[10.373340493046408,42.71617243237199],[10.37329145807536,42.71616401507883]]],[[[10.373352887011787,42.71791412014385],[10.373408773978637,42.71789725742846],[10.373536478774875,42.717774154798036],[10.373797235742519,42.71751437696755],[10.373807756730967,42.717437706383336],[10.373533886130966,42.716625637558835],[10.37330483968464,42.71650719263356],[10.372953705897755,42.71636731857157],[10.372410700156243,42.71638733536827],[10.37221163232389,42.71649778390884],[10.372016521720283,42.71734211345626],[10.372015552302482,42.717436680099404],[10.372090795908917,42.717581416334156],[10.372699639892186,42.71786073416244],[10.37304441785628,42.71797436889574],[10.373165977346353,42.71796320541292],[10.373284422656901,42.717934770010274],[10.373352887011787,42.71791412014385]]],[[[10.374155707798865,42.719095065389126],[10.374367307607255,42.71901363134664],[10.374519380139587,42.71895488170754],[10.374769074526313,42.71880397287639],[10.374880571312143,42.71873509528398],[10.375272746319137,42.71824410230558],[10.375312635840379,42.71783838724744],[10.375196180958465,42.71780101424416],[10.374906745410101,42.71770818215257],[10.37380523409022,42.718153653714936],[10.373636288579787,42.718245733592276],[10.373536007658764,42.71830183107868],[10.373455331607971,42.71834696170348],[10.373015495343598,42.7188925509726],[10.373171309802805,42.718962724402346],[10.37338584308472,42.7190589248301],[10.374155707798865,42.719095065389126]]],[[[10.319979748033806,42.73450540142384],[10.320051160244502,42.734272693141214],[10.32003951791112,42.734155759125564],[10.320004643421465,42.73409537613885],[10.319946108287082,42.734071286236166],[10.319073514429105,42.73411060723846],[10.318976860752214,42.73416124888446],[10.31912899817831,42.734711067622726],[10.319214297640867,42.7348451638407],[10.319297037061153,42.73491737793661],[10.319500730007054,42.73495893195598],[10.319979748033806,42.73450540142384]]],[[[9.79760763077078,43.03158838503617],[9.797169018347404,43.03154191370739],[9.796359733937052,43.03160776432743],[9.796287740954133,43.03161843549666],[9.796197405804993,43.031631973546006],[9.796053568178305,43.03166223943814],[9.79600277309169,43.03176840035803],[9.79599234661246,43.03191142602077],[9.795991249100588,43.03206243184119],[9.796013652127703,43.032135274877575],[9.79610727631231,43.03225618994065],[9.796232051332304,43.03241290720977],[9.79626723117919,43.032424645366184],[9.796410808266463,43.03247244697687],[9.796607190384393,43.03247108017942],[9.796738639167561,43.032431893965835],[9.797583938639118,43.03206580953205],[9.797943974036189,43.03190571445629],[9.797995262900653,43.03183781949696],[9.797994561716264,43.03178379541385],[9.797910927293243,43.031723594946655],[9.79760763077078,43.03158838503617]]],[[[9.825725602504791,43.07268679305507],[9.8469669935228,43.04577586674812],[9.811691807627069,43.00304964266382],[9.793173698101825,43.0206009361561],[9.800855398775614,43.05285701127314],[9.82562463628061,43.072771482461306],[9.825725602504791,43.07268679305507]]],[[[9.901799380445757,43.43933326185424],[9.90574450206405,43.424256892469515],[9.88967156345177,43.42305645229343],[9.901315686865571,43.4377531814784],[9.901799380445757,43.43933326185424]]],[[[10.21909853945737,43.546025554937046],[10.21858219100322,43.54613620132291],[10.218606778848548,43.54625914170478],[10.21863136666944,43.54636978785298],[10.218705131150577,43.54641896355552],[10.218877247296671,43.54643125780506],[10.219073950866187,43.54640666984129],[10.219184597054692,43.5462591413895],[10.2191845976832,43.546099319142655],[10.21909853945737,43.546025554937046]]],[[[10.219363351472062,43.54787228300108],[10.218928819319341,43.547822894217575],[10.218774912641443,43.54815768394067],[10.218951985694178,43.54839890623044],[10.219336565928227,43.548385798909266],[10.219551373918438,43.54818980372411],[10.219616143254603,43.548130705725555],[10.219548793904067,43.54806185572481],[10.219363351472062,43.54787228300108]]],[[[10.231366650397241,42.78908491415481],[10.231283630969994,42.78908491451663],[10.23111759245743,42.7891886889645],[10.23103457255641,42.78927170773646],[10.230951553980647,42.78941699239697],[10.231055327725535,42.78956227611009],[10.231242121661307,42.78956227580399],[10.231594953148223,42.78941699236975],[10.23157419918825,42.789126424078425],[10.231366650397241,42.78908491415481]]],[[[10.493165603197824,42.932103359828915],[10.493065242343754,42.93206990633096],[10.492931427900807,42.93212008696403],[10.492630345131222,42.932262264606464],[10.492563438153297,42.93231244478771],[10.492647072443678,42.93239607915428],[10.492764159135064,42.932488075906875],[10.493749483899531,42.932976445027336],[10.493839024098712,42.93301004815542],[10.49397006383185,42.93304745621046],[10.494105546555524,42.93302395502733],[10.49418105335413,42.932966464906436],[10.49413755904957,42.93288010324422],[10.49406988627872,42.9327723246021],[10.493165603197824,42.932103359828915]]],[[[10.313468621056153,42.35099504960274],[10.329867211948162,42.322032943875506],[10.29401246562636,42.31726508400531],[10.293759441892986,42.34507608744603],[10.31283680900593,42.351050218741236],[10.313468621056153,42.35099504960274]]],[[[10.064450719366318,42.35859021869859],[10.064696116882304,42.35843843659888],[10.064700176671323,42.35834467390255],[10.06465034092495,42.35828238050146],[10.064578704710552,42.35822631720285],[10.06449460855136,42.358188940735914],[10.064341989842813,42.358157793975714],[10.064192485215763,42.35818582597124],[10.063871674232725,42.358276151322755],[10.063856101387278,42.358360247565],[10.06390282168569,42.35854712801187],[10.063937083235999,42.35860630611354],[10.064178586048312,42.35879197213291],[10.064450719366318,42.35859021869859]]],[[[10.331143618759556,42.82829382640572],[10.331073342559579,42.828161824392566],[10.330995395852998,42.82811209902758],[10.33089760692672,42.82808047504341],[10.330398408138073,42.82806571292271],[10.33000434776217,42.82820105200203],[10.331022591802128,42.829002289089786],[10.331063747932653,42.829034571413096],[10.331136563204895,42.82896206254497],[10.331217425746305,42.82874947645305],[10.331239907748072,42.82868152405232],[10.331304603009398,42.828418037734714],[10.33131905408856,42.828356581381016],[10.331143618759556,42.82829382640572]]],[[[10.433967669837056,42.78955156660895],[10.433618428055386,42.789531022733584],[10.433412992001879,42.78963374082251],[10.433207555877274,42.79000352576549],[10.433166469453003,42.79018841793444],[10.433330818249908,42.790434941019534],[10.433556797956824,42.79059928970472],[10.434296367133447,42.79096907499375],[10.434481258519757,42.790845813433414],[10.43448125893025,42.79068146405342],[10.434255279440526,42.78975700271949],[10.434152561223957,42.78961319763205],[10.433967669837056,42.78955156660895]]],[[[10.549613103579574,42.86056731451277],[10.549774335065306,42.86034000706318],[10.549825928684355,42.86026726805995],[10.549751460230732,42.85973698224221],[10.54956574209731,42.85916317795428],[10.548209857225947,42.85633594767835],[10.547097861067284,42.855918742406004],[10.546621349634647,42.855952196783534],[10.546130729082966,42.85667604748342],[10.54589165243189,42.85749225731862],[10.545853529225395,42.85769098353923],[10.545824259536856,42.85785401207307],[10.547981380828798,42.860418297801644],[10.548018540305765,42.86043580540352],[10.54805178755399,42.860449927769366],[10.548306186992656,42.860557984103885],[10.549135656490913,42.86056477184267],[10.549278736248986,42.8605655342407],[10.549613103579574,42.86056731451277]]],[[[10.476608827840817,42.8666654293857],[10.4765764111367,42.8663326625191],[10.47654485319811,42.86603590394409],[10.476400400524216,42.86563435420438],[10.476242969226863,42.865364422317555],[10.476221953995758,42.865328673932915],[10.475958097894376,42.86508894110112],[10.47567169536719,42.864840493225216],[10.474359950649493,42.86373177098449],[10.47407345725442,42.86368478721946],[10.474003563083215,42.863673325072575],[10.473477993642135,42.8637521320747],[10.473241203315636,42.863815098704286],[10.4724327031982,42.86582322542945],[10.473541382603402,42.86637177270843],[10.475584688838245,42.86684072613418],[10.476061760774291,42.866825570331606],[10.476608827840817,42.8666654293857]]],[[[10.475622404079122,42.868578045078465],[10.47564649886285,42.868412775078525],[10.47553350483156,42.86778666280726],[10.475395585331393,42.867810586702916],[10.474857426908443,42.86831316359503],[10.474889309395275,42.86836678233593],[10.474961717518912,42.868451397544014],[10.47549763863979,42.868930191040086],[10.47563149794528,42.868665562496616],[10.475622404079122,42.868578045078465]]],[[[10.424147452272603,42.870715779506035],[10.423970101231397,42.87045684110226],[10.422917133739194,42.87047957019459],[10.422814387069169,42.870588293290226],[10.422702610148729,42.870706731546754],[10.422592293271254,42.87083417284054],[10.42249992135233,42.870943380863025],[10.422603737833912,42.87106590970676],[10.422957727446422,42.871286634260564],[10.42318658424743,42.871389597982976],[10.42334189940744,42.87143719483114],[10.423405862993892,42.8714546906042],[10.423451561859975,42.87145164504513],[10.423635604630666,42.87143354248153],[10.423814624276906,42.87141555703218],[10.423910522155763,42.87133213968177],[10.423943348704132,42.87130342746955],[10.423973443706943,42.87126437987493],[10.424033590100557,42.87118455262608],[10.42406187284841,42.87114666759588],[10.42419647973469,42.87084382155747],[10.424147452272603,42.870715779506035]]],[[[12.224258787733152,43.80985927727829],[12.239521818373746,43.786518210992476],[12.199347774966586,43.77037554544793],[12.169755043524868,43.80462521762354],[12.222486893096933,43.8073422156738],[12.224258787733152,43.80985927727829]]],[[[11.311454643940767,42.379736246524864],[11.311441471390715,42.37969384921168],[11.311394314566463,42.37954747858522],[11.311354462194666,42.37952724046063],[11.31130900484504,42.37952724061984],[11.311264171525943,42.379547789277325],[11.31078445331554,42.380039107551575],[11.310628376439379,42.38025323762329],[11.310605535316089,42.38030684890398],[11.310613150080533,42.38034079245651],[11.310721641657038,42.380560632559686],[11.311144323443092,42.380863782852096],[11.31124451074808,42.38090298697289],[11.311478858121388,42.38095030926829],[11.311571845379293,42.38086153060139],[11.311468638488725,42.37984450166862],[11.311454643940767,42.379736246524864]]],[[[10.712653380621148,42.79767361056675],[10.71341919684789,42.797085829761244],[10.712322475906223,42.79633681208626],[10.71223790855367,42.79637409732949],[10.711703020216813,42.79693140245983],[10.711644386655736,42.79702232917638],[10.711598473509781,42.797131075871825],[10.711520605632833,42.79741139618725],[10.711447613118043,42.797872059720476],[10.711449741053261,42.79795275677742],[10.711495038254586,42.79825825008467],[10.711520973700395,42.79831189200754],[10.711607281246128,42.798337616935605],[10.712653380621148,42.79767361056675]]],[[[10.900558297098797,42.55621598821678],[10.900445374096728,42.5562119056052],[10.900366650615156,42.556272777617366],[10.900361307723486,42.55636221654155],[10.900410891668209,42.55640309055086],[10.900532230059213,42.55641894766296],[10.900773099505761,42.5563911246361],[10.900778803304568,42.5563135928972],[10.900760165727617,42.556230508923214],[10.900558297098797,42.55621598821678]]],[[[10.895446844065999,42.56304926120892],[10.895298828122426,42.56277247869914],[10.895221694452614,42.56276474057606],[10.895136844978389,42.56276614621687],[10.895105726953657,42.56279201472354],[10.895043647028922,42.56284424352236],[10.894896679149912,42.56298981584286],[10.894741373939404,42.56314652232063],[10.894454806449291,42.56390180338172],[10.894439368943585,42.56403072266956],[10.894441380233598,42.56441668220433],[10.8946744213868,42.56444856821031],[10.89487500666662,42.564366621781915],[10.894939848738606,42.56427262469284],[10.895437273091924,42.563125715636495],[10.895446844065999,42.56304926120892]]],[[[10.88393393696547,42.57595455220309],[10.88388131009178,42.575585649484594],[10.88186455360969,42.57568435021022],[10.881358906464325,42.5757853872483],[10.881249588028723,42.57583452832702],[10.881145826339797,42.575901646359895],[10.88030553387655,42.57701565569447],[10.880236214096861,42.57728365245768],[10.88024050839398,42.57742654173551],[10.880710540532698,42.57761896874953],[10.881192605274356,42.57778260515069],[10.881643736002017,42.57777519508406],[10.882182514104615,42.57768056718357],[10.882892281463016,42.577268613737154],[10.88294953655001,42.577211184752414],[10.883091709194344,42.577068577643395],[10.883365730644925,42.576717582039976],[10.88393393696547,42.57595455220309]]],[[[11.109861463466752,42.263398146238515],[11.109386329233788,42.23821745963727],[11.092732758884333,42.2522735316334],[11.109046579737738,42.26246175818349],[11.109861463466752,42.263398146238515]]],[[[10.882639963455208,42.3498045502239],[10.882747695022267,42.349762048982214],[10.882794951159271,42.34948219277008],[10.882666622327674,42.34917372159288],[10.882424157451544,42.349285770900124],[10.88220190239685,42.34977121909384],[10.88224962454109,42.34984473211602],[10.882514344860349,42.349904244695814],[10.882639963455208,42.3498045502239]]],[[[10.92931751051482,42.35603916958924],[10.92941866627848,42.355972176900174],[10.929470251294845,42.3557731865129],[10.929303464144569,42.35558012262083],[10.929168458393985,42.35553286500832],[10.929074613604458,42.35554119874809],[10.928694334836974,42.355711950316454],[10.92851339627181,42.35585007753043],[10.928403607907182,42.35605669022922],[10.928384234575889,42.35609314946295],[10.928528704576538,42.35633806095762],[10.928687626356771,42.35648156616176],[10.928765543750464,42.35649035119325],[10.928814263735427,42.35649141799586],[10.928867784054416,42.35647472234497],[10.928992381696341,42.35642512704354],[10.92905702806575,42.35636355903078],[10.92931751051482,42.35603916958924]]],[[[10.886903977100776,42.38936352244198],[10.92183694987109,42.35968601867135],[10.931630434679162,42.338693771571215],[10.920862559408725,42.31812584231876],[10.866778851893676,42.354341631055135],[10.886609802006108,42.38965639339394],[10.886903977100776,42.38936352244198]]],[[[11.131175704294874,42.37804986124895],[11.13116770653327,42.37798908962828],[11.13064742187287,42.37670288619794],[11.130600154117237,42.37664015108907],[11.130509398343726,42.37665118697111],[11.130468855167699,42.37666733829738],[11.130417000253875,42.37668868894145],[11.129951870854365,42.377222836967675],[11.129726351457819,42.37750359601468],[11.129656314442135,42.377738337082555],[11.131017244152128,42.3783839426553],[11.131102442204506,42.37838911153692],[11.131209375520637,42.378312448484564],[11.13120374095483,42.37826706833332],[11.131175704294874,42.37804986124895]]],[[[11.210325998536954,42.38255006090442],[11.211611523772774,42.38176904737859],[11.213351401098825,42.3798261047406],[11.21193695514194,42.379402921042654],[11.20948968230006,42.38089166917296],[11.209396239955236,42.38097391915276],[11.20935373231396,42.381021795758855],[11.209238494191709,42.3811756781867],[11.209225950286958,42.38121023886949],[11.209211970881839,42.38124889318375],[11.209202457767075,42.381275425615186],[11.209184430322004,42.38136583391012],[11.20911733129193,42.381790379746576],[11.20910531438029,42.38188066494792],[11.209185086851242,42.38250062966493],[11.20922704711585,42.38266114242915],[11.209249832037615,42.382680388155265],[11.209301447572233,42.38272300369827],[11.210325998536954,42.38255006090442]]],[[[11.08185030999139,42.41798500095195],[11.08058856686286,42.41805294509445],[11.080260917516568,42.418164262298006],[11.080225004107461,42.41817661598166],[11.08038790796487,42.418416803320206],[11.080677459160265,42.41862767531461],[11.081683249173519,42.41899663894062],[11.082007816368632,42.419071790352376],[11.082395615307039,42.41903772799173],[11.08244077261849,42.41901889640744],[11.082732478777785,42.41889724682951],[11.08185030999139,42.41798500095195]]]]}},{"type":"Feature","properties":{"reg_name":"Umbria"},"geometry":{"type":"MultiPolygon","coordinates":[[[[13.158485524167725,42.65425300295896],[13.146551423859666,42.64698518758919],[13.118188103347086,42.65765328150168],[13.109040323068527,42.641888311559626],[13.063303296419939,42.62330912779693],[13.024284669600101,42.63903611833622],[13.004317775108376,42.615237360676936],[12.95250181421051,42.618925881828154],[12.930122751129419,42.602882292374154],[12.896337521900788,42.616442828845855],[12.880524116321913,42.609347596616445],[12.892729024243579,42.563497433896494],[12.818035294824751,42.53293625230839],[12.773202346053736,42.5312799413716],[12.773542706748898,42.51309398241815],[12.711133827418559,42.500797029967664],[12.741568091100568,42.47053250287632],[12.672737864217984,42.442111613589745],[12.6498556548124,42.44309094878169],[12.641084697383322,42.4678012792369],[12.620967931471473,42.468459504414064],[12.606069676783658,42.40352848090091],[12.52611385930209,42.36418091878384],[12.511129430169598,42.40356674103982],[12.45089486273428,42.39661670757242],[12.463602549831302,42.429086409000156],[12.413650334115427,42.425598113000326],[12.41367699289508,42.455167940587486],[12.430382370751218,42.458022745596594],[12.412441002499556,42.46756338546469],[12.4213900808085,42.49252666930904],[12.390167871075375,42.498191883956146],[12.351225579377545,42.47365330146908],[12.325856082770425,42.49459465586721],[12.289238963082619,42.49451350078626],[12.307352156758466,42.49730084293031],[12.274765110361589,42.509205101692785],[12.282644312769847,42.52271575805752],[12.266179878749456,42.53608560819965],[12.278553823320564,42.541557767958345],[12.275043311117134,42.559914796633194],[12.238657042224075,42.57217865291811],[12.24755618771031,42.59669323801676],[12.229135036493929,42.611094329417156],[12.243340616409421,42.62809172985628],[12.204335500789494,42.66046061876903],[12.16092755243055,42.67669035941293],[12.124062152989994,42.649287734418124],[12.106734258049164,42.664672632616856],[12.029999144032098,42.64324289056357],[12.00708352530676,42.66245216155389],[11.941329818575527,42.68330088248084],[11.948764350586485,42.696010808279986],[11.926292752384951,42.70474093900634],[11.960586654899531,42.7281530203749],[11.979481851528892,42.764585325193615],[11.927425140205141,42.78091691047006],[11.891888767786366,42.84288070697271],[11.93050200333985,42.869720482260455],[11.959041894503425,42.870587533797746],[11.958798290173082,42.89156141659877],[11.932722791515818,42.90849706256564],[11.982432764000828,43.050560193024445],[11.957139725612809,43.068617545810426],[11.936067001191454,43.055925074808876],[11.913251014395746,43.12765843726588],[11.94033008932617,43.159128809510136],[12.023350465948946,43.18726014097915],[12.039042257270626,43.22884773343311],[12.033837719901332,43.246021252539485],[12.049598171055564,43.2527715534452],[12.092365093357408,43.235908076366236],[12.223889502739707,43.295795749357396],[12.195082321335502,43.3142239504759],[12.177041170594853,43.281781891521824],[12.132602517968444,43.2930373209121],[12.135430090332148,43.34065403235318],[12.123964628566233,43.3589529531316],[12.102570269655933,43.37245073963382],[12.073735933340899,43.368595506427795],[12.077306100840424,43.4021444599894],[12.030628973609076,43.40350324280165],[12.032138194405109,43.423709689118894],[12.057878922343455,43.43849622026812],[12.081360097707675,43.434045705504474],[12.10455231164047,43.46058823248858],[12.143244515841328,43.47029294184471],[12.141183939760401,43.48185786575335],[12.09249953566006,43.5010668033312],[12.095345906373415,43.52179781263637],[12.15323667941088,43.5287054407653],[12.16266220141282,43.5613666660541],[12.213832684495852,43.61088614381951],[12.227004609837516,43.59352472938467],[12.297802108422385,43.58580421908952],[12.356123045765337,43.617344349721016],[12.371296963586925,43.61116541133346],[12.361738515201743,43.5998898463444],[12.366927548405673,43.57721419173641],[12.312759315086659,43.54420055979946],[12.33323973618084,43.5235804728778],[12.37004267705221,43.53162740480345],[12.394824441907907,43.50883959880709],[12.431788124139816,43.53710527235643],[12.459070914107704,43.51614054393364],[12.484045455673668,43.52723419723634],[12.617099114712977,43.429012615985094],[12.619402668916521,43.41657358403759],[12.663176593427977,43.43683082556802],[12.708812508608416,43.42584235237626],[12.734616211800155,43.46434458580205],[12.771912486828276,43.4570729890791],[12.765562623152553,43.42712168116171],[12.780839177057603,43.41481409034439],[12.746809869278447,43.39045330463694],[12.794108068869573,43.33404796774332],[12.802427387825073,43.30470913670011],[12.788981566080928,43.283228257977335],[12.828694882838722,43.26061309488123],[12.836604773462021,43.21753429715102],[12.863685040993882,43.2092950707539],[12.862635100297256,43.16738819038408],[12.833146387702193,43.138967127024074],[12.843189651173297,43.1222749113812],[12.881307806658956,43.12121141406501],[12.897327694508288,43.093484619506114],[12.88993480927263,43.058884072287334],[12.906604395048669,43.03549518283299],[12.8879598574951,43.009801036983355],[12.908227860724073,42.985313315986254],[12.895822070507807,42.964592015074615],[12.948054716518483,42.94146779067807],[12.949334930234734,42.92995884012509],[12.976700462676853,42.92609587038948],[12.976154918743942,42.869803443045086],[12.990364245400125,42.872141623732176],[13.000978680001527,42.909292920222384],[13.024946050004322,42.902573654109375],[13.054705136634626,42.919438741866784],[13.112248684827245,42.88933184766667],[13.15429817932237,42.83541861214453],[13.210800683022999,42.84147584394947],[13.235253310630453,42.86769995579697],[13.248058470490507,42.84889448547471],[13.264207508728955,42.809281411979576],[13.245617073691207,42.76776540256013],[13.194688424584072,42.76142536401587],[13.190714655898256,42.710444630341435],[13.160336855122978,42.656239410931505],[13.158485524167725,42.65425300295896]]],[[[12.430628737427103,43.60640433555553],[12.431233298771078,43.591367834464585],[12.40780556538273,43.602136242994085],[12.42345085131759,43.61014941859352],[12.430628737427103,43.60640433555553]]]]}},{"type":"Feature","properties":{"reg_name":"Lazio"},"geometry":{"type":"MultiPolygon","coordinates":[[[[11.810908463654984,42.80691929818386],[11.81369934119374,42.82267092908837],[11.847437642203165,42.83765564177715],[11.903939965440008,42.832151740077336],[11.927425140205141,42.78091691047006],[11.979481851528892,42.764585325193615],[11.969240266090532,42.737896740489504],[11.92620441158631,42.70385921699269],[11.948764350586485,42.696010808279986],[11.941329818575527,42.68330088248084],[12.00708352530676,42.66245216155389],[12.029999144032098,42.64324289056357],[12.106734258049164,42.664672632616856],[12.124062152989994,42.649287734418124],[12.16092755243055,42.67669035941293],[12.204335500789494,42.66046061876903],[12.243340616409421,42.62809172985628],[12.229135036493929,42.611094329417156],[12.24755618771031,42.59669323801676],[12.238657042224075,42.57217865291811],[12.275043311117134,42.559914796633194],[12.278553823320564,42.541557767958345],[12.266179878749456,42.53608560819965],[12.282644312769847,42.52271575805752],[12.274765110361589,42.509205101692785],[12.307352156758466,42.49730084293031],[12.289238963082619,42.49451350078626],[12.325856082770425,42.49459465586721],[12.351225579377545,42.47365330146908],[12.390167871075375,42.498191883956146],[12.4213900808085,42.49252666930904],[12.412441002499556,42.46756338546469],[12.430382370751218,42.458022745596594],[12.41367699289508,42.455167940587486],[12.413650334115427,42.425598113000326],[12.463602549831302,42.429086409000156],[12.45089486273428,42.39661670757242],[12.511129430169598,42.40356674103982],[12.52611385930209,42.36418091878384],[12.606069676783658,42.40352848090091],[12.620967931471473,42.468459504414064],[12.641084697383322,42.4678012792369],[12.6498556548124,42.44309094878169],[12.672737864217984,42.442111613589745],[12.741568091100568,42.47053250287632],[12.711133827418559,42.500797029967664],[12.773542706748898,42.51309398241815],[12.773202346053736,42.5312799413716],[12.818035294824751,42.53293625230839],[12.892729024243579,42.563497433896494],[12.880089879635921,42.60236178249888],[12.889622997777423,42.61351378447915],[12.930122751129419,42.602882292374154],[12.95250181421051,42.618925881828154],[13.011223248783226,42.61710817150037],[13.024284669600101,42.63903611833622],[13.058573747249861,42.622842289156004],[13.109040323068527,42.641888311559626],[13.118188103347086,42.65765328150168],[13.146551423859666,42.64698518758919],[13.174140791099022,42.66610511823067],[13.189209909626415,42.73358686128668],[13.254152838939913,42.72145025016893],[13.264502464842277,42.74018117079792],[13.279263400367142,42.74085807691544],[13.31845147332808,42.7233944936299],[13.35775555727035,42.69409814775866],[13.348794335979015,42.66861210674404],[13.37261705391078,42.6493590485437],[13.40828330182437,42.642863525260864],[13.390351594121604,42.60849161279967],[13.394013456244922,42.59125860818771],[13.293281694439687,42.56953969863307],[13.279359626228686,42.58326322098471],[13.245935296288426,42.572705795839326],[13.191362655554935,42.58751765225024],[13.173514400473342,42.545448506708404],[13.155801733091563,42.54005061605724],[13.177769482588591,42.51263623044236],[13.178420260844334,42.479339245168696],[13.116168379918774,42.4439097748152],[13.19415813714552,42.38919354796368],[13.153348998662173,42.356994100512324],[13.226462286398265,42.31933047425804],[13.242555773952176,42.268891974698455],[13.282823180635742,42.2369343183005],[13.335618670675853,42.22240437626168],[13.341473876147308,42.1984130157127],[13.379888018059406,42.180445178462534],[13.342367556311242,42.1768112803218],[13.354567595442196,42.16736764782253],[13.327270073123588,42.16385854187468],[13.305290679349655,42.138256333478594],[13.248776536850924,42.127426871160836],[13.195411125766759,42.15779392337555],[13.169710832248501,42.15070753618592],[13.11989245661835,42.17669963807176],[13.087057347985148,42.177870759505794],[13.085924217896201,42.143915468366465],[13.057295240996444,42.12286884161205],[13.030778127982591,42.12210012984797],[13.01896453595576,42.07397604053908],[13.026621710268131,42.05002764094058],[13.054533460356609,42.01637017244101],[13.10102480580006,42.00798966584797],[13.104972334644646,42.02599617632663],[13.287218328783396,41.9498924526013],[13.3084159998643,41.95305929947052],[13.34549508874,41.922175809045804],[13.36437402900882,41.92475383129533],[13.382735776757231,41.90079289709852],[13.358982149539152,41.869314831417284],[13.379517174372994,41.81745784000338],[13.396301202443496,41.834032264810325],[13.416902286200436,41.8346655962404],[13.505081717524996,41.801598025994195],[13.520435067732505,41.772965382110726],[13.57181549377514,41.75429763393255],[13.6312724080088,41.78264551148704],[13.648928047912552,41.81093556220289],[13.705550208020924,41.78746669828994],[13.729558260126874,41.798899832422286],[13.76717218665437,41.74887499300783],[13.790142013905864,41.74296950386552],[13.81253709096666,41.75413721302096],[13.827615861881169,41.73917880452765],[13.891712216133612,41.7351534111311],[13.919307212416513,41.717863708329716],[13.932868033787098,41.693048794892064],[13.987702523194447,41.65537030907022],[14.011129810293324,41.607789092604335],[13.998947877806078,41.57447803008697],[14.025995338142309,41.55544172477094],[14.005257070880008,41.538753158715835],[14.02764449946818,41.52406677845212],[13.972906886423884,41.4940364092972],[13.99277641913699,41.4820817684955],[13.977906070736527,41.46248746495421],[13.861205065527976,41.416568033566804],[13.885421410918616,41.39981075839932],[13.870752555677017,41.36468146685815],[13.873679896515586,41.33562462892234],[13.894814806396141,41.31163655142557],[13.889739943134337,41.29748292179259],[13.82842954375652,41.281034479487225],[13.833620450435026,41.25502587100898],[13.771976358571022,41.24210551108709],[13.76211259143099,41.22259672209143],[13.705959356080623,41.2537080336128],[13.683653136410568,41.244475711445965],[13.618086061531445,41.25969660102617],[13.573850242011481,41.240191620503595],[13.571233526712133,41.21781528357339],[13.589464475460813,41.20994356320331],[13.575299369524004,41.20414257004685],[13.50329167456142,41.221330477848554],[13.379348440308048,41.27973096721897],[13.29033936248494,41.29701671532796],[13.17308254578012,41.275588812984125],[13.093645410686497,41.22528523166364],[13.057290455505676,41.22418783594051],[13.03363788353924,41.240983451753785],[13.019534430759581,41.28205965615531],[12.97564738633122,41.3400925491471],[12.900882719989545,41.391656123268206],[12.84049132587624,41.41435092541562],[12.763838062231288,41.41043305744336],[12.684375134673303,41.45296410438891],[12.61804115714434,41.446419961975096],[12.552779402764406,41.5340429945391],[12.439564798181836,41.63839927430863],[12.353416256401044,41.6948523705584],[12.234221213194619,41.740565120080376],[12.256321869529666,41.746159081197874],[12.222332932432748,41.744369318505825],[12.223735328018348,41.78303331455043],[12.203459423192413,41.8298377196103],[12.1406129448179,41.91545453734917],[11.91459878924629,42.0393038433784],[11.834512648673988,42.02921035516125],[11.806910711095679,42.07990665307626],[11.760196480702179,42.111705858589595],[11.733766964828694,42.158058104284066],[11.739343193150502,42.17086678368751],[11.663733456274848,42.26920416827538],[11.562410480748207,42.335046468188324],[11.44985198639534,42.37754018126047],[11.450807831843118,42.395047803425115],[11.488888402081715,42.43937035650826],[11.617709304356001,42.43604425110956],[11.616294307326003,42.488481490573264],[11.560857026110689,42.5170281357544],[11.58584315756647,42.54176188823665],[11.578717721979586,42.56719940139655],[11.61401258122285,42.55723360437537],[11.643761703181951,42.5666996891223],[11.681735352898038,42.58181166254799],[11.67985146801979,42.59524602816589],[11.710291878922865,42.610022117493926],[11.73597409595439,42.60666401889361],[11.74975657852777,42.63964887022539],[11.804776157679273,42.643999159210196],[11.808941181739822,42.65866675014054],[11.785159040657385,42.67219249662077],[11.779960389623549,42.705345322463195],[11.801555697526368,42.707191578337714],[11.81948605185553,42.74542588963356],[11.77941952196435,42.758017663939654],[11.74601785992857,42.7857596544892],[11.769066694827945,42.820188011153434],[11.80604498136825,42.79506055058498],[11.811211951450003,42.80613647547062],[11.810908463654984,42.80691929818386]],[[12.655723401757875,41.7340248518395],[12.649258823370362,41.748902125996025],[12.654727170714748,41.734982103415255],[12.655723401757875,41.7340248518395]],[[12.452921413243983,41.90670895695226],[12.446550517512518,41.9016258646386],[12.453794300799217,41.90699703518879],[12.452921413243983,41.90670895695226]]],[[[13.104286250581684,40.838706898253996],[13.104143454287682,40.83869846948554],[13.10396941762066,40.83873618930866],[13.10379489696517,40.83881444466876],[13.10361171210342,40.838956062363856],[13.10351920549365,40.8390899291872],[13.103461165071922,40.8393261232171],[13.103535017091973,40.83938202691401],[13.104057707927481,40.83920581291676],[13.10414921381143,40.83913951525055],[13.104187570090321,40.83908861298521],[13.104284305712612,40.83878350300211],[13.104286250581684,40.838706898253996]]],[[[12.96636989613565,40.88304681141061],[12.965863509552403,40.8829784765479],[12.965730209944613,40.88305931245361],[12.965654998232656,40.88327157587442],[12.965751228215435,40.88362089536892],[12.965992176217213,40.88366025064271],[12.966396037307227,40.883693994142305],[12.966601684015856,40.88356301205126],[12.966551576117741,40.88335506478731],[12.96636989613565,40.88304681141061]]],[[[12.965463298435607,40.883967872324],[12.9653252550047,40.88394617460325],[12.964524658055339,40.884446023595075],[12.964673513463461,40.885224362374494],[12.96486450626923,40.885379880214614],[12.965044351878149,40.88537368691729],[12.96546566135171,40.88535577539158],[12.965630875359498,40.88517853393879],[12.965818878271616,40.88496238526119],[12.965857084206498,40.8845512523703],[12.965858681623077,40.88428301210797],[12.96576818943718,40.8840623764005],[12.965648064226833,40.88399759926455],[12.965463298435607,40.883967872324]]],[[[12.945817963543206,40.912173922863374],[12.945394933180872,40.91214662997071],[12.945217533338747,40.91218756906928],[12.945108363906122,40.91228309181665],[12.945108363081545,40.912392261492734],[12.94550410253847,40.91277435357091],[12.945763379263447,40.91282893812671],[12.946090886774675,40.912856229977784],[12.946336517187511,40.912815291472356],[12.946855070680195,40.91256966127582],[12.946923301458458,40.91244684571358],[12.94684142467176,40.91231038428177],[12.94599536326582,40.91218756856185],[12.945817963543206,40.912173922863374]]],[[[12.944610997150967,40.91264593006816],[12.944407087135446,40.912645930236536],[12.94382084554908,40.91273514023127],[12.943068926528307,40.91288807299352],[12.943107159797528,40.91307923884318],[12.94320911581296,40.9132704043682],[12.943661612689366,40.913827650415136],[12.943742898757321,40.91388184109523],[12.944086107848813,40.91406247735497],[12.944185456753628,40.914080541011394],[12.944840396458973,40.91320668269813],[12.944802163382608,40.912786117854054],[12.944687463542973,40.91265867434356],[12.944610997150967,40.91264593006816]]],[[[12.851120303397815,40.920371584797515],[12.850964016423402,40.9202867546214],[12.850818621803592,40.920453713532844],[12.850546946059827,40.9209626042803],[12.850492528896611,40.92108600034556],[12.85051980654377,40.921274183755585],[12.850616804641703,40.921347498071],[12.850819206008097,40.92133172830336],[12.851040265291942,40.921202757908986],[12.851116133119275,40.92115518329447],[12.851154874301518,40.921068349267905],[12.85122867498298,40.920678650959736],[12.851178930398406,40.920486700232196],[12.851120303397815,40.920371584797515]]],[[[12.847657737048946,40.921937204494434],[12.847682499093287,40.921801300603164],[12.847608199818383,40.921722726164575],[12.84695341981657,40.92124481742567],[12.846833586757063,40.92121280182427],[12.846675792242952,40.92120455443045],[12.8465404891803,40.92120007440795],[12.846377216305864,40.921570239775924],[12.84646005359135,40.921795667294504],[12.846558493999318,40.92198293248607],[12.846679899782034,40.921965376607396],[12.847047588121498,40.92198461067816],[12.8472876629527,40.92201710941549],[12.847657737048946,40.921937204494434]]],[[[12.848697794695504,40.919876240240974],[12.848525813284336,40.9198279503983],[12.848351530434286,40.91990581361054],[12.848212943381995,40.92011307893232],[12.848120388599344,40.920282768577074],[12.848071678481926,40.920491511149656],[12.847870795615206,40.921772488353575],[12.84851102201157,40.9222553979726],[12.848652248603116,40.922336233921854],[12.848802236383564,40.92237624059076],[12.848884257042323,40.92239601707396],[12.849021622595334,40.92234638813272],[12.849342241073474,40.922002478197086],[12.849501083778607,40.921952148706076],[12.849760725042708,40.92169581450832],[12.849824288149307,40.92150007476109],[12.84877219982513,40.91998181061707],[12.848697794695504,40.919876240240974]]],[[[12.848135091694664,40.92486601054757],[12.848186304477455,40.924432049832134],[12.848218268399734,40.92453514673778],[12.848244406543774,40.92461470356705],[12.848392625771927,40.92471332597176],[12.8494491864155,40.92450689256788],[12.849512816880685,40.923788845366744],[12.849421277691702,40.92341367672009],[12.848773259763124,40.922976071845504],[12.84784650233223,40.92260629762907],[12.847394906677728,40.9225988888184],[12.84707796915613,40.922699516826086],[12.847008162719773,40.922800906432045],[12.846838451559352,40.92308574919299],[12.84726097441017,40.924917740709404],[12.847341567110464,40.92502760430438],[12.847454177219063,40.92511389966454],[12.847587919944411,40.92516796875854],[12.847768070176976,40.92521598595548],[12.847949978950155,40.92521717607889],[12.848086094750672,40.92507026263254],[12.848135091694664,40.92486601054757]]],[[[12.968842779148904,40.922191209686275],[12.960330741639376,40.89813775800244],[12.96924468918024,40.89389649978097],[12.954031965051131,40.877577135649325],[12.954139275140243,40.8949294962386],[12.942931382740325,40.89721395206003],[12.948300113273042,40.918620035918615],[12.994969186863688,40.933989333234244],[12.977056925812752,40.926455359122464],[12.968842779148904,40.922191209686275]]],[[[13.000289562441717,40.9327246094593],[12.999706558814319,40.932703698646435],[12.997274208693058,40.93337352810058],[12.99691840835412,40.93360199141123],[12.996860325399414,40.93377061800193],[12.996862988099757,40.93381472767477],[12.996873888163659,40.93399527489528],[12.997498806825492,40.93501118804995],[12.998175052484797,40.935620543112336],[13.00060247421814,40.936747404768774],[13.001003647783532,40.93691355355078],[13.001333209358126,40.937037172037634],[13.002428489872516,40.93742685217856],[13.003246758155104,40.93755599155849],[13.003442490589004,40.93752521128604],[13.00354083431074,40.93750974588535],[13.00363757329078,40.9370966447252],[13.003736148340803,40.93585500516675],[13.0036743876437,40.93558250778231],[13.003534453280398,40.9351461191331],[13.003165827960594,40.934609628391954],[13.00304355560976,40.934465287862984],[13.002899906652525,40.93429919276309],[13.002294137303187,40.933829462115206],[13.001903225144781,40.93355038767733],[13.001555070432048,40.93332060156097],[13.001526015150207,40.93330386040982],[13.000775439822613,40.93289168473385],[13.000289562441717,40.9327246094593]]],[[[12.852734854990242,40.94242572710055],[12.852242408467145,40.94212703295513],[12.852022875428288,40.94220641710524],[12.851801232847116,40.94247948461074],[12.851910920133557,40.942642410913614],[12.852575798265939,40.94349369672808],[12.853253828351562,40.94291266331218],[12.852912826767756,40.94255034833698],[12.852734854990242,40.94242572710055]]],[[[12.850483075133077,40.94251907837205],[12.850317859293261,40.94252460372476],[12.850098611997906,40.94254543754581],[12.849939952919666,40.94258676033038],[12.849864210573488,40.94261181296326],[12.849788990500105,40.942645847214365],[12.849764546535745,40.942723221573075],[12.849668521190937,40.94358642712392],[12.849801531920047,40.943721601617135],[12.850116376278416,40.9438461224385],[12.850205851851909,40.943865650140516],[12.85061953404217,40.94386981429324],[12.85065787459891,40.9438685220669],[12.85071130637469,40.94383972499681],[12.850765096613603,40.94374336886339],[12.850796421918643,40.94365678393099],[12.850797434742633,40.94358471199567],[12.850712059422047,40.94284461114706],[12.85069742329759,40.94274604359688],[12.850623769339135,40.942653949937444],[12.850483075133077,40.94251907837205]]],[[[12.859807601053577,40.94496598524794],[12.859873251850575,40.94505788276152],[12.860076401511083,40.94522040241964],[12.860218606989678,40.945281347000346],[12.860299867483665,40.945057882481336],[12.860228765097583,40.94497662239561],[12.860157662334753,40.94491567759782],[12.859995142052068,40.94487504764309],[12.85988340995763,40.944875047400366],[12.859807601053577,40.94496598524794]]],[[[12.850235260621755,40.947736848341165],[12.849805510523879,40.94773013330146],[12.849524155961676,40.94782155090422],[12.849462687360129,40.947990589387544],[12.849693195955522,40.948067425764826],[12.849923703388697,40.948082793345854],[12.85038471874552,40.94805205873731],[12.850785878420183,40.94799201244152],[12.850732159850573,40.9479114338173],[12.850611292451909,40.94783085598754],[12.850389701927613,40.947750277723046],[12.850235260621755,40.947736848341165]]],[[[12.859807601053577,40.94496598524794],[12.86154536761121,40.92922625523193],[12.850957147597079,40.92664028516313],[12.859782353531857,40.94508130495754],[12.859807601053577,40.94496598524794]]],[[[13.057032224877599,40.96451839621095],[13.045278509893116,40.96839902909798],[13.060218183489729,40.96482028441956],[13.057032224877599,40.96451839621095]]],[[[13.456457896425986,40.79177863919634],[13.458659649880122,40.790324727601444],[13.459016335111853,40.789802162757596],[13.458995243775504,40.78966326660068],[13.458962309745921,40.78947109612362],[13.458914499546996,40.789371127442145],[13.458888931363058,40.78932589255423],[13.458741951558807,40.7891554696446],[13.458093028724795,40.78841071139821],[13.457892995163382,40.78826537478272],[13.457283171675853,40.78786127483628],[13.456086829730866,40.7871678563784],[13.45283304302267,40.78709096426919],[13.451912941427443,40.78729308006958],[13.451521095122748,40.78741684309385],[13.451098004125834,40.787643185842725],[13.45068280118467,40.788557118006146],[13.450207523276857,40.79043183616987],[13.450675746453342,40.79105179051355],[13.451252417660337,40.79159277712519],[13.451579510448731,40.79175573066866],[13.451878526818787,40.79189723383015],[13.452685026592736,40.792230744033525],[13.45351766869968,40.79242365687766],[13.453856388981087,40.79242855633111],[13.456457896425986,40.79177863919634]]],[[[13.435367608278261,40.79503768308213],[13.43532935947016,40.79494442794315],[13.435225156286474,40.79471286495854],[13.435132530673727,40.79468970845688],[13.434808343110895,40.79455077130813],[13.434727295413744,40.79449288002302],[13.434657827016862,40.794516037029936],[13.434542045338551,40.79456234892352],[13.43432208730245,40.794818035377524],[13.434339658772588,40.794941037741125],[13.434471447595499,40.79503768246379],[13.43459445046623,40.79505525477166],[13.435367608278261,40.79503768308213]]],[[[13.431827866101415,40.80309015859985],[13.428292017021345,40.79038308847714],[13.40760035237665,40.78553553040332],[13.427870225605115,40.800331293744385],[13.431827866101415,40.80309015859985]]]]}},{"type":"Feature","properties":{"reg_name":"Campania"},"geometry":{"type":"MultiPolygon","coordinates":[[[[14.086806283574692,41.45966264251034],[14.120757826141032,41.50699650265375],[14.164964434489214,41.47877992700395],[14.172413802690217,41.49918309602958],[14.240745764167876,41.49719692334067],[14.327161977787553,41.45343741450766],[14.47734617262264,41.41897842377263],[14.488605935148769,41.39070841403451],[14.505071940507518,41.382496982254644],[14.551293858683001,41.379463787477086],[14.566325762324063,41.39213064467122],[14.603039216330371,41.36396232976073],[14.643406776223381,41.394021978163686],[14.661697455392662,41.393714477584254],[14.66605936789271,41.406533999368904],[14.748125795157762,41.408449621301955],[14.784939317808877,41.45209337013514],[14.864142754327267,41.42632195597925],[14.885497898491968,41.44494948798982],[14.94689376406428,41.4560840766538],[15.007617814612411,41.486388782917835],[15.032443005668913,41.45268489968365],[15.100831283601472,41.429666924603325],[15.086641685189978,41.4072266141758],[15.098313051453454,41.39056853693038],[15.058467623811858,41.372134698943626],[15.072190194700093,41.33246032269299],[15.130560168099061,41.317185580111044],[15.126770584658185,41.302951898715634],[15.14915609928184,41.28044553459124],[15.201002928597662,41.28627197434336],[15.22044231471933,41.26518784662314],[15.25040083570142,41.27045601042052],[15.279104915133095,41.242799108794856],[15.246175054399968,41.23611112740353],[15.262415060384777,41.19762622302083],[15.223535577089322,41.18194162233367],[15.210788467464324,41.148670648690484],[15.282572289085675,41.09733475074392],[15.314357191772658,41.10388567515993],[15.366397705709483,41.08489107086001],[15.396375503989608,41.10681624799547],[15.446099997851654,41.07801446141303],[15.477859427191449,41.07860820702791],[15.548256361009672,41.05261584213021],[15.56324436361182,41.030753587175745],[15.568267819439505,40.97564729065605],[15.527242169370158,40.907834604890574],[15.467629370552485,40.889602789191194],[15.473016795143451,40.87433877413966],[15.460812434855544,40.867151267539526],[15.354164326597393,40.8826523757939],[15.355243555195548,40.870894312265094],[15.377951870853927,40.86764139290045],[15.377271700479007,40.83603059553662],[15.33496982470563,40.83487966572484],[15.380501895938485,40.8109491137291],[15.366111770974962,40.80048483988754],[15.387704702852961,40.79345726559153],[15.381476270245313,40.72414975924115],[15.503635899236285,40.66366812760311],[15.467464035088756,40.63893782139606],[15.4494714966782,40.60910070929164],[15.53934024884785,40.56806384068497],[15.528817754386422,40.556397756700136],[15.541997216097586,40.5324032186821],[15.535312639248554,40.522261336369155],[15.550473600695211,40.509246863271436],[15.535228012819736,40.499640690331084],[15.538857624589124,40.48804921016707],[15.57589744057986,40.46958793694744],[15.586733833148232,40.443602199187836],[15.647978835664542,40.41400614553159],[15.662731850282634,40.3924932885874],[15.70063854197736,40.3838394651429],[15.709811879865743,40.37593961649596],[15.704748075198152,40.34223993314706],[15.72687982947469,40.3154453232505],[15.806361421693081,40.27323093794869],[15.803853148781148,40.2506793855308],[15.787816492562692,40.2373740549526],[15.795716688428348,40.22191772888222],[15.73125531782703,40.199327841426474],[15.701060075673443,40.16061650172355],[15.705826583556266,40.11773411295622],[15.676982773423076,40.08446761537923],[15.651746238195896,40.07885719717393],[15.676164400157576,40.05489897953552],[15.645341929781498,40.04296346957591],[15.626842499383226,40.05635246624974],[15.625471022072992,40.07407605490291],[15.52360337418656,40.07182841454492],[15.419868277454524,39.99047737603546],[15.354565791450142,39.99999195732169],[15.31452394354046,40.031637144185616],[15.271089424975804,40.02242894234387],[15.267711639044666,40.031334704429725],[15.285030935930946,40.03586844086041],[15.271242682960645,40.074234373779554],[15.204774578842454,40.12348646001139],[15.177622003578334,40.12805126977267],[15.132933253060536,40.170922297303136],[15.034907244425597,40.17222922044508],[14.990941474340222,40.21889282307497],[14.909979687291052,40.24351685032073],[14.904860399615199,40.25325744374103],[14.94429670088837,40.27799690511153],[14.94480223716045,40.335565926531295],[14.99470296333938,40.35440786971868],[14.998865274630973,40.38839507394902],[14.89378508367875,40.56599372571682],[14.791398675473369,40.66377831526345],[14.748623994131828,40.67759454445574],[14.718341875716781,40.66603542093128],[14.689390345344163,40.63368021215251],[14.624899864894418,40.64787978375716],[14.572798702867036,40.61302231850863],[14.528232247396506,40.60673731632256],[14.486300574446794,40.62739421572292],[14.32452043552999,40.56904106697801],[14.338654524925854,40.625821069184894],[14.399704170085068,40.63797894910083],[14.403604772127217,40.65630806101509],[14.47827941754024,40.695340520875725],[14.470517478209524,40.72884083424837],[14.448637639395688,40.75291179120799],[14.400271180879358,40.757628894510745],[14.315945460864423,40.825430533316016],[14.269794199400945,40.843325510463224],[14.223245116803445,40.82916845194393],[14.190260212101792,40.793859825115995],[14.161421596647699,40.79284310073438],[14.173333702171018,40.80237434550927],[14.162173348097106,40.81531795885584],[14.105347893209329,40.83143412298363],[14.072090889083597,40.81780092566653],[14.089076486580582,40.77794632889057],[14.039240207869739,40.792006020242404],[14.046888578591217,40.85049448511026],[14.015738066256425,40.92873871257132],[13.921956617402358,41.02630280154184],[13.893808968663828,41.09016279515344],[13.83171593285515,41.16738571139567],[13.76211259143099,41.22259672209143],[13.771976358571022,41.24210551108709],[13.833620450435026,41.25502587100898],[13.82842954375652,41.281034479487225],[13.889739943134337,41.29748292179259],[13.894814806396141,41.31163655142557],[13.873679896515586,41.33562462892234],[13.870752555677017,41.36468146685815],[13.885421410918616,41.39981075839932],[13.863269608316177,41.41882137159907],[13.903937708359075,41.42559838169524],[13.97503199987026,41.463422811327135],[14.00704043176816,41.451875065995026],[14.000706720401988,41.4309321917924],[14.042388564886636,41.39278042803386],[14.084769187226515,41.40003409181398],[14.111440628616982,41.38643403284909],[14.105720885779823,41.422399198352345],[14.07836950681993,41.44708395673929],[14.083823845967455,41.45714193059964],[14.086806283574692,41.45966264251034]]],[[[14.231071088343006,40.541695011714026],[14.197024556871195,40.53609726996531],[14.198171756956626,40.55936697565639],[14.266354339555624,40.556603589714676],[14.231756276896405,40.54341491806988],[14.231071088343006,40.541695011714026]]],[[[14.086899725246175,40.79315292415399],[14.087460307348461,40.793032553529045],[14.087791121255117,40.79295405775082],[14.088278761726697,40.792743838308105],[14.088522826061764,40.79262781082189],[14.089374587563702,40.792052125335964],[14.089719407295835,40.791651059377465],[14.090789409830496,40.79035610226568],[14.090731692548815,40.79032061706233],[14.090151307160209,40.790566778120045],[14.089975710262395,40.79064282302002],[14.08617534631521,40.79267394436481],[14.085745449299536,40.793007162252415],[14.08592666672444,40.793070194138124],[14.086056670801861,40.79309777125844],[14.086899725246175,40.79315292415399]]],[[[13.954163744359493,40.70728161679084],[13.872791249025642,40.69806742217748],[13.852538149800045,40.70986666070008],[13.861892204993834,40.75742183840634],[13.955118250334444,40.74048273759237],[13.965192658197035,40.71707964239351],[13.954732610541456,40.709072711581534],[13.954163744359493,40.70728161679084]]],[[[14.252860665780073,40.541263387967675],[14.25314500419436,40.54122754221167],[14.253257107934958,40.54113876361197],[14.253986502897705,40.54023869191447],[14.253852353527858,40.54009569656632],[14.25313925437498,40.53964479804631],[14.252905766196566,40.53956164642079],[14.252654180446067,40.53958493534883],[14.25238240786997,40.539681706972814],[14.25216103104664,40.53983369598795],[14.252159385763745,40.53994165397162],[14.252193295867615,40.5406884197291],[14.252218353338629,40.54084149210756],[14.252332991522328,40.54097733369035],[14.252369563212172,40.541019972471],[14.252761221489626,40.541323991918844],[14.252860665780073,40.541263387967675]]],[[[14.256589243002706,40.54291267977385],[14.256447423044037,40.5428976335978],[14.256218475783564,40.54294797829216],[14.256045031231155,40.543003405369625],[14.256437280215804,40.54381618507502],[14.256522238063429,40.54395771129123],[14.256577624461668,40.54396313137422],[14.256660034511603,40.543955924210515],[14.25675826432073,40.54391993084616],[14.256966127215026,40.54384292743957],[14.257063656092367,40.543797968135415],[14.257080171128917,40.54369818355812],[14.257083937098153,40.54367099982422],[14.257056889927561,40.54362720869829],[14.25694579794676,40.54324515017463],[14.25693576552007,40.54317358879021],[14.25684701423462,40.543046248328594],[14.256589243002706,40.54291267977385]]],[[[14.339879355375109,40.569448657580764],[14.33974582935038,40.5694338211926],[14.339693901534616,40.5695302571008],[14.339701319943238,40.56961927486974],[14.340146410138098,40.569878910918106],[14.340257682386852,40.56981214743351],[14.34030219071171,40.569708292976415],[14.340057391324578,40.56953025737786],[14.339879355375109,40.569448657580764]]],[[[14.398383134151436,40.58275544385786],[14.397741937616033,40.582755443876884],[14.39712745789647,40.58286230951222],[14.396833576003463,40.58299589186693],[14.39651297786305,40.58315619135684],[14.396085514232638,40.583583655961256],[14.395845065445554,40.583850820660295],[14.396085513647451,40.5839309702954],[14.396593127567462,40.58401111966986],[14.397100741417283,40.58393097018948],[14.397741937628652,40.58369052200269],[14.398516717077037,40.583396639973664],[14.39891746359015,40.58320962450348],[14.3989708969635,40.5829958920096],[14.398757165347329,40.58278216030424],[14.398383134151436,40.58275544385786]]],[[[14.368922438996979,40.58641124391097],[14.368950580033374,40.58638935619125],[14.368959959880973,40.586311188700485],[14.36897246659914,40.58613609346074],[14.368954762034836,40.58606085944209],[14.368823947856285,40.58599851886448],[14.368523784295776,40.58603916586618],[14.368484700841828,40.58612358657456],[14.368459686362547,40.586189247753126],[14.368497207700464,40.586383102872816],[14.368515967736505,40.586404990241626],[14.368550361155938,40.5864425106117],[14.368744217506867,40.58644876390529],[14.368797370392588,40.586448763818936],[14.368891172397756,40.58642687722546],[14.368922438996979,40.58641124391097]]],[[[14.378182370493091,40.589033640311996],[14.378072048555264,40.587971659133714],[14.377786416266717,40.58752765396659],[14.37746776123553,40.58729480538905],[14.376974791172563,40.58707009312487],[14.376445744773296,40.58701856773677],[14.375510128552689,40.58719563110498],[14.375212312381977,40.587533481788675],[14.37529351331159,40.58787078542996],[14.375388267626441,40.58804644867634],[14.375768545392782,40.58849230211792],[14.376181719095062,40.58882840330208],[14.377165401025398,40.589030277129176],[14.377575570691096,40.58909214077568],[14.3777255303782,40.58911214991789],[14.378182370493091,40.589033640311996]]],[[[14.035626721493811,40.7997927005273],[14.036196005739468,40.79957758007238],[14.037257734272998,40.79915566029011],[14.037389925276969,40.79908875002864],[14.038362664740857,40.79845329084341],[14.038362139630449,40.79840097677799],[14.038087151048007,40.798301017270944],[14.03639294979909,40.798332225853166],[14.03617191136897,40.79835759048963],[14.035849303009797,40.798395714596566],[14.035637825058632,40.798584396717594],[14.03532032277669,40.7990941301414],[14.035284797057995,40.799488341334424],[14.035241372406334,40.80001624827941],[14.03532051266882,40.800316197749204],[14.035523273444547,40.80031789204265],[14.035634697398052,40.80003768668616],[14.035649117038417,40.79986550033974],[14.035626721493811,40.7997927005273]]],[[[14.18747272612918,40.79207534849887],[14.187583804722472,40.79205906380861],[14.187546176873077,40.79190287543978],[14.187096168122567,40.79121590385609],[14.186987401820174,40.79115314150703],[14.186840415485202,40.79117104407604],[14.186737805510313,40.79121433481015],[14.186414845582062,40.791394830653736],[14.186363306204429,40.791440652218036],[14.186365111608309,40.79154529010452],[14.186407244687606,40.79175927326065],[14.186606747252037,40.79206121713117],[14.186686961931848,40.79216554319885],[14.186780567547123,40.7921865690036],[14.186817424722314,40.79218122995467],[14.18747272612918,40.79207534849887]]],[[[14.160068793838235,40.79782610317243],[14.159874532821778,40.79780667699142],[14.159913385436104,40.79794265958286],[14.160107645007473,40.798136919862735],[14.160360184285427,40.79824376248425],[14.160709852546201,40.79825347519553],[14.160797268842149,40.798166058263014],[14.160680712895989,40.79808835420663],[14.160068793838235,40.79782610317243]]],[[[14.279652886862607,40.83735161431997],[14.299670636226008,40.82621730405847],[14.279380593750744,40.83730487325283],[14.279652886862607,40.83735161431997]]],[[[14.018964281861754,40.76754092772947],[14.03634821678842,40.76214069701726],[14.013139997967443,40.74863651718089],[14.017618115485245,40.739431997627854],[13.990168063896464,40.74305074725666],[14.017034729084658,40.770010584774056],[14.018964281861754,40.76754092772947]]],[[[14.463892703075844,40.72986235625898],[14.464073125204242,40.72977161324536],[14.464246825069042,40.72965617820186],[14.464240699097676,40.72952427170096],[14.464141587474467,40.72940392575026],[14.463792510074814,40.72898460638271],[14.463699830750011,40.728885392451474],[14.463602467144863,40.72884356718571],[14.463211511045328,40.729001471772136],[14.462686909168484,40.72932530879951],[14.46259001199826,40.7293974205457],[14.462578215176254,40.72944300421121],[14.462994150822464,40.72984427671615],[14.463892703075844,40.72986235625898]]],[[[15.360680063205283,39.996088312443106],[15.360455399186979,39.99591651030122],[15.360243950137175,39.99594294124496],[15.36003250174032,39.99611474370027],[15.359953208964908,39.996194036691925],[15.359873915654523,39.99664336521408],[15.359913562897333,39.99678873602249],[15.360547908170913,39.99721163259574],[15.360719709999794,39.99723806413209],[15.360917942525138,39.99718520161797],[15.361116175717024,39.99711912375839],[15.3612483310254,39.996894459868976],[15.36127476209833,39.99680195101942],[15.360944374260024,39.99632619200133],[15.360680063205283,39.996088312443106]]],[[[14.900253749408652,40.25039911805908],[14.899757960080981,40.250199492475005],[14.899481261746958,40.25033030270336],[14.89983591670718,40.25140391252228],[14.899911698561354,40.25158866253857],[14.90017068015125,40.25177833012397],[14.900536859438619,40.25195679518602],[14.901040985975309,40.25196037096584],[14.900253749408652,40.25039911805908]]],[[[15.294873535731895,40.02368270172876],[15.294693554216177,40.02354487383387],[15.294394145486851,40.02358977938301],[15.294285007068655,40.02376447797879],[15.29405301482566,40.024018837084405],[15.293968563070564,40.024088896132746],[15.294008619944808,40.024254099178584],[15.29409946848524,40.02426085341253],[15.294611294843982,40.02413041193831],[15.294854043717326,40.0238742734038],[15.294873535731895,40.02368270172876]]],[[[14.430892618925737,40.580726309907256],[14.431123437835046,40.57959663487125],[14.431009510592789,40.57938101961712],[14.430802109611923,40.57932452460815],[14.430599459549226,40.579304603618034],[14.43044540696462,40.579311867415704],[14.430187089795476,40.57936826269326],[14.42985146666467,40.57947251688034],[14.429685021004696,40.57961301022032],[14.429121574056854,40.58014564659387],[14.428958397809751,40.580378293730654],[14.428923331008304,40.5805656520707],[14.429013496543424,40.58067636238093],[14.429636626657175,40.58073247029739],[14.430009933497246,40.580759086220915],[14.43057918575721,40.58077056596557],[14.430892618925737,40.580726309907256]]],[[[14.431229270125264,40.58225502883931],[14.431252539018177,40.58206527878958],[14.431030386609743,40.58175740345236],[14.430643340002947,40.58146614544679],[14.43035770012786,40.58137644506337],[14.430125423101964,40.581372657631285],[14.428710892602641,40.58175582367186],[14.428460942346602,40.581919807933424],[14.428516166581106,40.58207638127448],[14.428636389964629,40.58222399497221],[14.429092481798596,40.582556219920164],[14.430871438465056,40.58241928752926],[14.431144457731309,40.58235335478372],[14.431229270125264,40.58225502883931]]],[[[14.436123226099424,40.58322170582205],[14.436496981419825,40.58283819549488],[14.436711493732352,40.582525084049195],[14.437249543588326,40.580933308753835],[14.437033073421118,40.58076059336466],[14.4367966518766,40.580739795733486],[14.436403344711595,40.58076173684247],[14.436005092204589,40.58084341849269],[14.43206255119122,40.58289308312356],[14.432228577516456,40.583091054099725],[14.433640433980907,40.58404202481267],[14.433898489596757,40.58417276676697],[14.43411973215027,40.58421949566324],[14.43453333761508,40.584234279466095],[14.434994677593926,40.58409817428838],[14.435570978631267,40.58380800856133],[14.435819466032346,40.58363621235679],[14.436123226099424,40.58322170582205]]],[[[15.627783168921168,40.05383210523542],[15.627559883765636,40.05383210490789],[15.627437077011255,40.05396607542114],[15.62732543494352,40.05415586839791],[15.627336598770981,40.05428983918264],[15.627470569956332,40.054379153201964],[15.627671526225745,40.05432333187019],[15.627838990409991,40.05410004701576],[15.627783168921168,40.05383210523542]]]]}},{"type":"Feature","properties":{"reg_name":"Abruzzo"},"geometry":{"type":"Polygon","coordinates":[[[13.941015151497899,41.68797275205532],[13.891712216133612,41.7351534111311],[13.856446415042088,41.731234291152475],[13.812102921215498,41.75420496202535],[13.790142013905864,41.74296950386552],[13.76717218665437,41.74887499300783],[13.729558260126874,41.798899832422286],[13.705550208020924,41.78746669828994],[13.648928047912552,41.81093556220289],[13.6312724080088,41.78264551148704],[13.57181549377514,41.75429763393255],[13.520435067732505,41.772965382110726],[13.505081717524996,41.801598025994195],[13.416902286200436,41.8346655962404],[13.396301202443496,41.834032264810325],[13.379517174372994,41.81745784000338],[13.358982149539152,41.869314831417284],[13.382735776757231,41.90079289709852],[13.365246943391696,41.92413417296856],[13.34549508874,41.922175809045804],[13.3084159998643,41.95305929947052],[13.287218328783396,41.9498924526013],[13.104972334644646,42.02599617632663],[13.10102480580006,42.00798966584797],[13.054533460356609,42.01637017244101],[13.01896453595576,42.07397604053908],[13.030778127982591,42.12210012984797],[13.057295240996444,42.12286884161205],[13.085924217896201,42.143915468366465],[13.087057347985148,42.177870759505794],[13.11989245661835,42.17669963807176],[13.169710832248501,42.15070753618592],[13.195411125766759,42.15779392337555],[13.248776536850924,42.127426871160836],[13.305290679349655,42.138256333478594],[13.327270073123588,42.16385854187468],[13.354567595442196,42.16736764782253],[13.342367556311242,42.1768112803218],[13.379888018059406,42.180445178462534],[13.341473876147308,42.1984130157127],[13.335618670675853,42.22240437626168],[13.282823180635742,42.2369343183005],[13.242555773952176,42.268891974698455],[13.226462286398265,42.31933047425804],[13.153348998662173,42.356994100512324],[13.19415813714552,42.38919354796368],[13.116168379918774,42.4439097748152],[13.178420260844334,42.479339245168696],[13.177769482588591,42.51263623044236],[13.155801733091563,42.54005061605724],[13.173514400473342,42.545448506708404],[13.191362655554935,42.58751765225024],[13.245935296288426,42.572705795839326],[13.279359626228686,42.58326322098471],[13.293281694439687,42.56953969863307],[13.381780690723838,42.58101320116497],[13.40939901388853,42.64017650938674],[13.348794335979015,42.66861210674404],[13.358862573654669,42.69582710242734],[13.389981287420094,42.687156064564775],[13.427396931384672,42.706425289434854],[13.436999935352395,42.698921221180115],[13.447569690047523,42.731841762303596],[13.493443724449023,42.73661538711566],[13.53452113460343,42.816655346829165],[13.574701490274267,42.800813021969915],[13.624399850538355,42.8165414098406],[13.635516362494306,42.80330238342117],[13.663599847036707,42.80712738737428],[13.69930327955229,42.822615585162495],[13.706605680962404,42.84931664199485],[13.908262265624414,42.89475896100681],[13.920984254146036,42.89242431608035],[13.942448776443808,42.80901843352744],[13.992881179726876,42.713484742176554],[14.10938869998047,42.563231828742346],[14.260678369720983,42.440365232940856],[14.420954697800806,42.3554203975365],[14.410145348441585,42.347877274665926],[14.425954525033752,42.32591402566181],[14.499504967451792,42.27367263551983],[14.509599963788109,42.251549768430955],[14.620787252248718,42.1992707253246],[14.712794953041556,42.176933324255124],[14.718266316660435,42.105770478607255],[14.779167628640167,42.07024694082255],[14.762302120448853,42.044595918484646],[14.783013559596805,42.03379270388348],[14.724130417938042,42.00046319313632],[14.668636502023867,41.946630590034616],[14.663763349714984,41.91628905701482],[14.614244509479818,41.88918843360648],[14.567978706411555,41.81812102533748],[14.549733405292656,41.815300853343565],[14.489545167120303,41.76096985619295],[14.454787887725967,41.76335503899452],[14.464419328141522,41.77700714631401],[14.442328667541208,41.84125561865131],[14.397448049503367,41.86974345340012],[14.378869613863655,41.865873358026896],[14.376675702365292,41.87992872817344],[14.358551642848859,41.8606547301377],[14.343005917205673,41.862521434261076],[14.32388705447193,41.896292194899786],[14.303983629880038,41.89339127802446],[14.284195850415657,41.91077792863418],[14.197278987019988,41.842814857901374],[14.166167552745446,41.84244339946591],[14.147157881831246,41.827297314866975],[14.171455040776527,41.778436292245814],[14.201202485852606,41.7675053824988],[14.194114892808615,41.74929415879725],[14.178706739824438,41.74921325483451],[14.171834045798558,41.76577424774259],[14.15943666632073,41.7477963122162],[14.120719878290947,41.7451846003846],[14.123278486227266,41.72607242232686],[14.107196491942071,41.70735887952089],[14.094395805792509,41.737944862452224],[14.069570901173552,41.73722537803215],[14.053246215396413,41.701698678120415],[14.0318958147942,41.70206024728823],[14.018726567349418,41.682106072757115],[13.98309478451129,41.69481087673],[13.94133831205782,41.68801133438618],[13.941015151497899,41.68797275205532]]]}},{"type":"Feature","properties":{"reg_name":"Molise"},"geometry":{"type":"Polygon","coordinates":[[[14.419325107763703,41.435146756726795],[14.327161977787553,41.45343741450766],[14.240745764167876,41.49719692334067],[14.172413802690217,41.49918309602958],[14.164964434489214,41.47877992700395],[14.122622930668209,41.507291349019795],[14.07836950681993,41.44708395673929],[14.105229949200941,41.42325382308131],[14.11367134839064,41.388657695940445],[14.083463024635549,41.40014597024487],[14.042388564886636,41.39278042803386],[14.000706720401988,41.4309321917924],[14.00704043176816,41.451875065995026],[13.977906070736527,41.46248746495421],[13.99277641913699,41.4820817684955],[13.972690567192641,41.49340655575972],[14.027500409671777,41.52320879295472],[14.005257070880008,41.538753158715835],[14.026012492798666,41.55532513517151],[13.998820063974641,41.57487974617924],[14.011129810293324,41.607789092604335],[13.98683397723975,41.656407438069785],[13.941015151497899,41.68797275205532],[13.98309478451129,41.69481087673],[14.018726567349418,41.682106072757115],[14.0318958147942,41.70206024728823],[14.053246215396413,41.701698678120415],[14.069570901173552,41.73722537803215],[14.094395805792509,41.737944862452224],[14.107196491942071,41.70735887952089],[14.123278486227266,41.72607242232686],[14.120719878290947,41.7451846003846],[14.15943666632073,41.7477963122162],[14.171834045798558,41.76577424774259],[14.178706739824438,41.74921325483451],[14.194114892808615,41.74929415879725],[14.201202485852606,41.7675053824988],[14.171455040776527,41.778436292245814],[14.147157881831246,41.827297314866975],[14.166167552745446,41.84244339946591],[14.197278987019988,41.842814857901374],[14.284195850415657,41.91077792863418],[14.303983629880038,41.89339127802446],[14.32388705447193,41.896292194899786],[14.343005917205673,41.862521434261076],[14.358551642848859,41.8606547301377],[14.376675702365292,41.87992872817344],[14.378869613863655,41.865873358026896],[14.397448049503367,41.86974345340012],[14.442328667541208,41.84125561865131],[14.464419328141522,41.77700714631401],[14.454787887725967,41.76335503899452],[14.489545167120303,41.76096985619295],[14.549733405292656,41.815300853343565],[14.567978706411555,41.81812102533748],[14.614244509479818,41.88918843360648],[14.663763349714984,41.91628905701482],[14.668636502023867,41.946630590034616],[14.724130417938042,42.00046319313632],[14.780614110452746,42.03016251515772],[14.762302120448853,42.044595918484646],[14.779167628640167,42.07024694082255],[14.892279294273596,42.02351725500999],[15.00480250712554,42.00649968243737],[15.003543392354432,41.99187419959578],[15.07962013633099,41.94225325115929],[15.137523849885236,41.92812683063092],[15.140590333913094,41.87909916755049],[15.100985808914777,41.83748103669891],[15.11700747895997,41.79917557405006],[15.098608801925694,41.76517468952733],[15.11655066527073,41.74896728540683],[15.101883372106606,41.74276261128529],[15.12091551807112,41.7207511744008],[15.161498029366792,41.70938555744479],[15.117067101475632,41.69375147679801],[15.102457169992608,41.672058915546074],[15.089926105618682,41.6818206973126],[15.089959133612354,41.67199524836317],[15.050248236137401,41.6573130137234],[15.025958542328857,41.62259736412603],[14.964028188132389,41.6433888096771],[14.934096347548829,41.61944985348194],[14.949518649957367,41.59178476894258],[14.937151491701881,41.52747599891015],[15.007617814612411,41.486388782917835],[14.94689376406428,41.4560840766538],[14.885497898491968,41.44494948798982],[14.864142754327267,41.42632195597925],[14.784939317808877,41.45209337013514],[14.748125795157762,41.408449621301955],[14.66605936789271,41.406533999368904],[14.661697455392662,41.393714477584254],[14.643406776223381,41.394021978163686],[14.603039216330371,41.36396232976073],[14.566325762324063,41.39213064467122],[14.551293858683001,41.379463787477086],[14.505071940507518,41.382496982254644],[14.488605935148769,41.39070841403451],[14.47734617262264,41.41897842377263],[14.426320729916887,41.431750675565404],[14.419325107763703,41.435146756726795]]]}},{"type":"Feature","properties":{"reg_name":"Puglia"},"geometry":{"type":"MultiPolygon","coordinates":[[[[15.098313051453454,41.39056853693038],[15.086520322998377,41.4045864534015],[15.10303595180293,41.42086305398615],[15.09834231962932,41.43402677931628],[15.032443005668913,41.45268489968365],[15.023291190861096,41.47732580652608],[14.966394418441656,41.519007312314606],[14.938568453168944,41.52519720411433],[14.949518649957367,41.59178476894258],[14.934096347548829,41.61944985348194],[14.964028188132389,41.6433888096771],[15.025958542328857,41.62259736412603],[15.050248236137401,41.6573130137234],[15.089959133612354,41.67199524836317],[15.089926105618682,41.6818206973126],[15.102457169992608,41.672058915546074],[15.117067101475632,41.69375147679801],[15.161498029366792,41.70938555744479],[15.12091551807112,41.7207511744008],[15.101883372106606,41.74276261128529],[15.11655066527073,41.74896728540683],[15.098608801925694,41.76517468952733],[15.11700747895997,41.79917557405006],[15.100985808914777,41.83748103669891],[15.140590333913094,41.87909916755049],[15.138045719326364,41.926645124441066],[15.340713789608941,41.917174431992194],[15.40600841263014,41.90063099151267],[15.619834081169088,41.928720854615754],[15.701310485313481,41.914344112310125],[16.012769805912914,41.950115704541794],[16.086094482912078,41.94047000245682],[16.185234579756827,41.88353659277919],[16.175776216851066,41.85958575807623],[16.196669286229046,41.82233797758965],[16.195444039030157,41.796133224751586],[16.186781578773,41.77261472871017],[16.143540268563516,41.74235681420941],[16.104728063657607,41.72959814583326],[16.03567451919283,41.67841558006894],[15.93804452716495,41.63788439296147],[15.949474449600993,41.62003875618274],[15.935661881797227,41.63654468996383],[15.902188312244077,41.61626030281859],[15.894230122616248,41.575554973532185],[15.903372596381594,41.53536070975439],[15.956965754485424,41.461618274225614],[16.25973448794676,41.32964925057029],[16.53122706784784,41.23896563730831],[16.58450892946778,41.207530533543874],[16.776051938407274,41.1606657925764],[16.851587644887683,41.130141903912794],[16.870892008607377,41.1357067022916],[16.853776522320864,41.14541795142721],[16.86822053609687,41.143152965307564],[16.879728527017225,41.122372962137625],[17.09074953705232,41.06329163312319],[17.30176617731456,40.95827976583432],[17.350016895636305,40.906111293750314],[17.38921361133982,40.89225276527451],[17.4782987279137,40.82967431728507],[17.707228145930426,40.75819176223567],[17.83879326661513,40.69125786328306],[17.936081060586353,40.68603447673252],[17.953830959152285,40.66395171898768],[17.976428319240863,40.66299646876283],[17.92720374942953,40.639801172496206],[17.95070357437073,40.6370186827099],[17.969109948410726,40.64948778633415],[18.014116711311306,40.64177263938898],[18.044843929635675,40.597631006992316],[18.037437677069853,40.56397206548876],[18.08078120108651,40.52542952428273],[18.12683167251918,40.492933204613465],[18.234593867112928,40.448300169741806],[18.424774250354346,40.29145965399607],[18.46446500479713,40.22505625372381],[18.460540637198648,40.199013142592264],[18.48970456772338,40.14704725046209],[18.513635526627336,40.138353138807695],[18.5067971665546,40.124829446136395],[18.520381593345082,40.10708236526139],[18.48306445598601,40.07721626823358],[18.47444411538552,40.04368465146243],[18.4356911415006,40.02466667070638],[18.431663407713202,40.000598915904014],[18.40806518210867,39.97743030131765],[18.39021752501366,39.907356124231995],[18.398747240296977,39.879605914836574],[18.384638634359924,39.841002471079],[18.391220152884642,39.818812837294736],[18.368994127480008,39.79376448969114],[18.333989691327556,39.79579852092941],[18.265629756803836,39.83568569319666],[18.202709892051022,39.83925065328766],[18.08593750101546,39.90065160539181],[18.013017952920276,39.96940956808598],[17.993190077408332,40.000074578792024],[18.014623516120043,40.00266836966054],[18.01724380599697,40.031907543205456],[17.972928696418826,40.05496999591303],[18.003876800296087,40.07091297472104],[18.00991871875473,40.10905993899599],[17.925343083798982,40.18396384506805],[17.92459359699892,40.22384189591015],[17.895226585552333,40.2506070876679],[17.909761750296596,40.24129511524173],[17.90741963166,40.25237133301059],[17.860542931318033,40.283994917260664],[17.681329278873353,40.30445066070972],[17.508360201283594,40.294855050397835],[17.442842604671668,40.329805198289584],[17.39508111234658,40.332378900892984],[17.205762256795506,40.40851355800303],[17.208897506917186,40.421106722199916],[17.246845040071612,40.43753275080638],[17.248106435075453,40.460406621400956],[17.226635669270586,40.479516272743226],[17.18516182656743,40.479721961555235],[17.180635166286724,40.49323325084469],[17.155073918131304,40.49658806359526],[17.16263986072245,40.5061110213307],[17.144748738006786,40.49491279032561],[17.146359986653952,40.50955636612305],[17.112955087583725,40.51976433196835],[16.98974430927456,40.49221347184736],[16.861376602564818,40.39993469293991],[16.81015527529045,40.4330427822607],[16.802815741866986,40.45744378289772],[16.743740860788336,40.46472322501312],[16.72021797922724,40.479824813971774],[16.736338142275702,40.51076505221344],[16.71669958164959,40.52360340438599],[16.721579958287755,40.53716123640615],[16.70573511815776,40.5543965642907],[16.7117709414683,40.59282745282681],[16.728257380478485,40.601418343362326],[16.710140979963544,40.63021533932204],[16.727200292138647,40.68837754655697],[16.696486922122872,40.702610696839635],[16.724904272569372,40.71382995979363],[16.663359131648456,40.74886714071949],[16.652862058517208,40.736297542984964],[16.633075471638595,40.75339329306925],[16.574555671096913,40.76180465152041],[16.566870379389403,40.753332678758014],[16.577984599641898,40.74199613718636],[16.56828948747867,40.73716130989907],[16.552608888189038,40.758010632559525],[16.531287734250693,40.74516505676702],[16.539686610128,40.72519766231652],[16.501052488834336,40.76228789478411],[16.429998357862704,40.70397318493123],[16.400152372193414,40.7074063832394],[16.384794436203443,40.73274147748672],[16.243027364344005,40.83846278690337],[16.20246420581977,40.91753153345664],[16.162971136555218,40.92857993083574],[16.121069649143614,40.897718849024486],[16.091877267245835,40.92097584423012],[15.976628510246815,40.95845290627452],[15.971811625659637,40.97213165561904],[16.00835316972779,40.97209169237972],[16.02703859563035,40.99121384954989],[16.027934812272722,41.02408113891279],[16.039896510861553,41.03413935042139],[15.998686561582556,41.05477439435903],[15.977730006761178,41.09328044926797],[15.954139936428469,41.09312091005561],[15.954149670802035,41.109440159329864],[15.921401543034937,41.11153672190818],[15.870254521937609,41.13992127113453],[15.803571825107282,41.11089348062781],[15.79055138015063,41.08784363660346],[15.768007395866867,41.08325459073482],[15.741714111969078,41.09933837593971],[15.684053692845051,41.086745365693126],[15.58573850488291,41.09826124818335],[15.540236041606265,41.072226425307306],[15.542874539481751,41.05585506744804],[15.446099997851654,41.07801446141303],[15.396375503989608,41.10681624799547],[15.366397705709483,41.08489107086001],[15.314357191772658,41.10388567515993],[15.282572289085675,41.09733475074392],[15.208479626774178,41.15570213189267],[15.223535577089322,41.18194162233367],[15.262415060384777,41.19762622302083],[15.246175054399968,41.23611112740353],[15.279104915133095,41.242799108794856],[15.25040083570142,41.27045601042052],[15.22044231471933,41.26518784662314],[15.201002928597662,41.28627197434336],[15.14915609928184,41.28044553459124],[15.126770584658185,41.302951898715634],[15.130560168099061,41.317185580111044],[15.072190194700093,41.33246032269299],[15.058467623811858,41.372134698943626],[15.09636023673021,41.390304159933834],[15.098313051453454,41.39056853693038]],[[16.633764099740905,40.75478101392111],[16.6458604120278,40.7525493123866],[16.63620879591206,40.75795094478232],[16.633764099740905,40.75478101392111]]],[[[15.501039723033067,42.12330216600256],[15.500916900764565,42.123077387963086],[15.500079749045048,42.121606160915654],[15.499689054895178,42.12136286934233],[15.49819299340035,42.12154022778761],[15.497842064582652,42.1217771339256],[15.496945849831533,42.1224868902594],[15.497243366020225,42.122654063372345],[15.49769324293622,42.12288499686949],[15.499827703796575,42.12347913500913],[15.50030494694809,42.12359374274079],[15.500633663302713,42.1235570384284],[15.501039723033067,42.12330216600256]]],[[[15.493115763960581,42.12301840119156],[15.47729656801123,42.10571948172002],[15.492516848882916,42.12360455825238],[15.493115763960581,42.12301840119156]]],[[[15.509841173843801,42.121770823474904],[15.50501731711071,42.119457504000174],[15.505196981042621,42.122343229469],[15.513662060952102,42.12856898068574],[15.513713141297544,42.12858770425925],[15.51416081768708,42.12873821229964],[15.514362152094524,42.12875598369927],[15.515504062244093,42.12883712269384],[15.51583524964824,42.12879324490959],[15.515891742947446,42.12878576016268],[15.517303204925064,42.12821997058109],[15.51752502894074,42.128056446501304],[15.517989769843263,42.12755450370396],[15.517407120346983,42.12609364095192],[15.51735039137552,42.12595511800809],[15.517281955489793,42.12578800970604],[15.509841173843801,42.121770823474904]]],[[[15.51579610722597,42.1400012460087],[15.508234157425498,42.129337010380986],[15.51449923740983,42.140070331904596],[15.51579610722597,42.1400012460087]]],[[[15.744211574909569,42.22645049054744],[15.744364047715173,42.22643248352643],[15.746183565444573,42.22609322849927],[15.75128517147026,42.22595592259767],[15.751467859683078,42.22590911827478],[15.751613043901521,42.225794779689295],[15.75172116986261,42.225673632068],[15.751504516838741,42.2249506718785],[15.74970661694377,42.223709185201294],[15.749432116277617,42.22357690883925],[15.748854810877017,42.22335902799251],[15.748574391810726,42.223275142317306],[15.748356267885747,42.223226491456565],[15.748141965990552,42.22323240750908],[15.74743529616006,42.22341817799583],[15.744532032638865,42.22452124991962],[15.743788564060356,42.22487792753167],[15.743672587337446,42.22511878438843],[15.743588811490245,42.22532624066612],[15.743548487403867,42.225515377138905],[15.743626069093445,42.22641082365261],[15.744211574909569,42.22645049054744]]],[[[16.199020476627243,41.81399444653311],[16.199196298272543,41.81394170018865],[16.19916113365574,41.81380104192332],[16.19895014698018,41.813607637827026],[16.19882707120266,41.81351972684522],[16.1987039964697,41.81346697998322],[16.198528173502865,41.8134669795897],[16.198387516118384,41.81357247307596],[16.198088618400377,41.813818624609155],[16.19807103561927,41.8139592826513],[16.198299604644593,41.81409993984936],[16.198457845207088,41.81418785080128],[16.199020476627243,41.81399444653311]]],[[[16.20001558649514,41.814431334415204],[16.199657298798346,41.814358668217885],[16.199430205123463,41.814564737817925],[16.199581627135217,41.81495869634962],[16.199862749355304,41.81547671719067],[16.19999599103144,41.815670709564046],[16.200469238925002,41.816057570409384],[16.200600980702838,41.81609688945622],[16.200956508166158,41.816119030453386],[16.20130625934103,41.81586793037523],[16.201461409592174,41.81575016284332],[16.201507548440482,41.81562576686098],[16.201534399274173,41.81519993767695],[16.200301521964224,41.81456808472412],[16.20001558649514,41.814431334415204]]],[[[16.189099690323058,41.84424597657799],[16.188898667044807,41.84393015675931],[16.18881442386373,41.84384996551211],[16.18864608548021,41.84382456024461],[16.188263113208848,41.8437901613872],[16.186970729936856,41.84445632372307],[16.18669963803751,41.8448694272065],[16.18670569819825,41.844950039180105],[16.186713740645907,41.84502152632462],[16.187103756642216,41.84511848104301],[16.18752166001462,41.84507106730323],[16.187941246664234,41.8450207995592],[16.188063558933713,41.84497710850158],[16.18815529552935,41.84494433839769],[16.18867905553275,41.84473249216277],[16.189036237835847,41.8445109451617],[16.189099690323058,41.84424597657799]]],[[[16.18307355773276,41.8908943641953],[16.18313581164432,41.89085895214587],[16.18347143927729,41.89063086449882],[16.183593054630386,41.890543286974456],[16.183957914724388,41.89027180005917],[16.18462711230265,41.88977075390538],[16.1856423145834,41.88854600048715],[16.18567410236365,41.88845400904518],[16.18566903842421,41.8883823333233],[16.185663379583687,41.888342932249614],[16.1853454561326,41.88778174184677],[16.18530854323543,41.88774806740702],[16.185276129892483,41.88772760796218],[16.185237233908005,41.887703056614015],[16.185062737040035,41.88762404011161],[16.184952563579216,41.887581474455025],[16.184787066349564,41.88752888932692],[16.184743701139936,41.88751811781776],[16.184679674852607,41.887524394483],[16.184604400827773,41.88756279771065],[16.18344888261563,41.88869295266612],[16.181577827006176,41.890686933020596],[16.18154348704476,41.89072958866836],[16.181534575105324,41.89078414468342],[16.18158304115132,41.89082459407374],[16.181638802929907,41.890854085306145],[16.18172405556531,41.890889221594314],[16.181992192142506,41.890917359634905],[16.18307355773276,41.8908943641953]]],[[[16.11179965104619,41.92850292277141],[16.11191406062579,41.92838780621838],[16.111942399904365,41.92834479459167],[16.111991348196497,41.928270501034035],[16.111955439435146,41.92819174241228],[16.111825779464844,41.9280828227357],[16.11171856349411,41.928040001595406],[16.111491664839402,41.92797763288565],[16.11141682927708,41.92797870907495],[16.111115667969614,41.927983041981165],[16.110185649400417,41.928126428490586],[16.109768261767552,41.92819290506654],[16.109538374524274,41.928238711155146],[16.109382291246618,41.9283789176676],[16.10953067838175,41.928493681652654],[16.109715409258513,41.92855617066965],[16.110784650979184,41.9288772055139],[16.11099951376804,41.92888571249327],[16.11134858260688,41.92877398739465],[16.11138589427072,41.9287573653325],[16.11147773712005,41.928716449859664],[16.11179965104619,41.92850292277141]]],[[[17.23614361953157,40.99413495600382],[17.235967797280534,40.994047044515185],[17.23584472133556,40.99413495609017],[17.235721645890383,40.99425803189054],[17.23566889943,40.99439868977768],[17.23572164626619,40.99460967664806],[17.23635460621158,40.995084396399626],[17.236530428311983,40.99513714375609],[17.23660075801798,40.994820663232396],[17.23660075819509,40.99462725867904],[17.2364425181425,40.994381107545884],[17.23614361953157,40.99413495600382]]],[[[17.177210538128044,40.43908821867797],[17.177561249358686,40.43905202857197],[17.178064453908885,40.43897118149314],[17.178392368739257,40.4386195175487],[17.17852605295409,40.437327238106235],[17.176382392777892,40.4377035452076],[17.175557662430474,40.4379034317193],[17.175138010490688,40.43807175642971],[17.174600888001795,40.438329958537096],[17.17403035786355,40.43871952019904],[17.173991908446553,40.43875901202177],[17.173657134657244,40.439102880454534],[17.17361937787212,40.43920001462602],[17.173515998510908,40.43946597187072],[17.17339365435484,40.439814232334726],[17.173352371727013,40.44003079591587],[17.173405219539575,40.44012265765497],[17.17362088053152,40.44039845453923],[17.173746809891487,40.440541775387814],[17.174632538254933,40.44068172177571],[17.174674252545298,40.440626813125085],[17.177210538128044,40.43908821867797]]],[[[17.160640068320618,40.45375035990499],[17.166992263138255,40.448072704285906],[17.143293266896592,40.450509368054476],[17.16075044729862,40.45431818055452],[17.160640068320618,40.45375035990499]]],[[[18.02724891976233,40.642876136442005],[18.027137232041717,40.642857905326856],[18.02709123095689,40.642888559445694],[18.02700637348098,40.64298065771263],[18.027087399462687,40.64307768067526],[18.027253559789706,40.64312753200096],[18.02751131800246,40.64315669921012],[18.027340832429456,40.64292280411576],[18.02724891976233,40.642876136442005]]],[[[18.002550002233004,40.653898088598865],[18.00245766250009,40.6538918465663],[18.002261060753742,40.65396576377847],[18.00221811639133,40.65404108483576],[18.002384253697848,40.654657495204766],[18.00241320906796,40.65471815739068],[18.002596320743734,40.65491510983837],[18.003062708660362,40.65508973945454],[18.003228884474037,40.65513962587215],[18.003366920580483,40.65515575408196],[18.003395911070744,40.65510853190541],[18.003409142683346,40.65505352577717],[18.003428463198176,40.6545214405815],[18.003426237260985,40.65439578553738],[18.003388534052398,40.654335800610966],[18.003179938125225,40.65405990565522],[18.00301314318338,40.653983111392826],[18.002912386316897,40.65393710452998],[18.002730589868097,40.653901943120566],[18.002655742947894,40.653894345837216],[18.002617153377535,40.653892828488424],[18.002550002233004,40.653898088598865]]],[[[17.994551973805386,40.65597888933429],[17.994564336327105,40.65585195382359],[17.99434746085577,40.65525305836932],[17.994260780474328,40.65521002148181],[17.993139683702417,40.65570764828489],[17.99307883267799,40.65574049309809],[17.993047813650428,40.65611802886009],[17.993061560307048,40.656227964076365],[17.99338987211544,40.65672658906294],[17.993414502164352,40.65675611828366],[17.99368283673057,40.65701746804583],[17.99375049456018,40.65703547803841],[17.99392469442916,40.657057702598415],[17.993975049374534,40.657000733138446],[17.994498664100647,40.65608644487785],[17.994551973805386,40.65597888933429]]],[[[17.99263529325825,40.65697463065311],[17.99251949128185,40.65679491698042],[17.99236073888658,40.65684333998761],[17.992209743978744,40.65694964741372],[17.992039752053447,40.65724177529869],[17.99201658088119,40.65728848300767],[17.992026666263055,40.65734171295467],[17.99204557580671,40.657382916888885],[17.992080829775446,40.657436304450535],[17.99217913529716,40.65746464301773],[17.992245825840953,40.657477321840794],[17.992603109525366,40.65754369809126],[17.992668624730356,40.65754758176383],[17.992776995879897,40.65747606008757],[17.99285084844747,40.6573894044967],[17.99288273033801,40.65731941738109],[17.992859024522687,40.65725384316053],[17.99263529325825,40.65697463065311]]],[[[17.99085081064203,40.65737490427573],[17.990762740640513,40.657291907204495],[17.990618800269097,40.65731392053577],[17.990537722519445,40.657489913227714],[17.990484728717625,40.65760691490911],[17.99049278118672,40.65778492144221],[17.990617745384526,40.65796890162501],[17.99075781072739,40.65796491022849],[17.990825779521554,40.65791893186635],[17.990872768332896,40.65787484972283],[17.990919831600564,40.65782590131929],[17.990953806697966,40.657780894017264],[17.990965814304086,40.6576938615577],[17.990947773369868,40.65757392903835],[17.990912766353283,40.65747586810956],[17.99085081064203,40.65737490427573]]],[[[17.991578773758352,40.657680850552424],[17.991576805539747,40.657649923740486],[17.991523785325256,40.6576288747306],[17.991423833770188,40.65761390704475],[17.991331794146983,40.65765591712374],[17.991313768143353,40.65777192177981],[17.991339286309024,40.65789440729879],[17.99134975974539,40.6579268694679],[17.991391804908652,40.65794892325283],[17.991427823829298,40.65796491899427],[17.991514827552628,40.65796293286448],[17.991585837526422,40.65784537401624],[17.99159681757659,40.657813930513896],[17.991578773758352,40.657680850552424]]],[[[17.82563514013733,40.70308702253974],[17.825389593822354,40.7028394492475],[17.825180244938153,40.70276992162872],[17.824961177617805,40.70281535551781],[17.824215475114862,40.703050718467566],[17.824029050451436,40.70321494228049],[17.824080684666207,40.70331435832114],[17.82469985918354,40.7039062333378],[17.824954188407098,40.70384380615126],[17.825403374874217,40.70369498004991],[17.825727983375312,40.70345581624383],[17.825721266435185,40.703210424393575],[17.82563514013733,40.70308702253974]]],[[[17.82392474409803,40.7034853126351],[17.823746640815227,40.703394980472986],[17.82359285266667,40.70343474282701],[17.823455578816684,40.70353097817204],[17.823369993493664,40.70420381149791],[17.823440817110324,40.70436015596745],[17.82357604731068,40.70453057296008],[17.823687616805653,40.70461715446941],[17.823838525945114,40.704529385588614],[17.824029716866423,40.704086357905304],[17.82415095480939,40.70370914895185],[17.82392474409803,40.7034853126351]]],[[[17.810083097952607,40.71229468729665],[17.810009001532382,40.71202609895178],[17.80921309149745,40.71181753277281],[17.80905351010637,40.7119062486985],[17.809021624499675,40.712111046417455],[17.809192151189926,40.71272744414157],[17.809342625717424,40.71281479322276],[17.809508778430548,40.71281999856679],[17.809643875944595,40.712791619967504],[17.80988945975807,40.71270527952299],[17.809964816498855,40.7126275372924],[17.810083097952607,40.71229468729665]]],[[[17.80355308844528,40.71330694282447],[17.80347967185837,40.713296454453825],[17.803427230147683,40.71333840809047],[17.80337478894222,40.713422313041676],[17.80332234799178,40.71351670759686],[17.8032331985581,40.71375793613162],[17.80320173426265,40.713904770809464],[17.80320173332207,40.71398867634769],[17.803275150884424,40.71407258242804],[17.80343247465684,40.71407258213376],[17.80362126185032,40.71382086577404],[17.803610774296544,40.71353768361121],[17.803600285370973,40.713390848922785],[17.80355308844528,40.71330694282447]]],[[[17.80542067013235,40.71454182331696],[17.805969430183083,40.71411292517907],[17.80609420548778,40.713806557976014],[17.80615755928945,40.71350491456467],[17.8059949552944,40.713103735603475],[17.805828739920543,40.7130535649468],[17.80517864728451,40.713386832579474],[17.804919733748754,40.71357311179268],[17.804697402890852,40.71399039866458],[17.8046540165897,40.71435345856811],[17.804714591638824,40.714587117917645],[17.804795958935056,40.71462133150431],[17.80526160674216,40.71459002599322],[17.80542067013235,40.71454182331696]]],[[[17.95028095494203,40.052449789740635],[17.94521558371336,40.045974995133705],[17.94881174687831,40.05330822965533],[17.95028095494203,40.052449789740635]]],[[[17.969793495203284,40.05435388909636],[17.970083296046855,40.054045800875045],[17.968983145662797,40.05256049497594],[17.968899188604087,40.05256704799035],[17.968517038040968,40.05288458858108],[17.9685569366565,40.05314221499931],[17.968669508400883,40.05339641617839],[17.969069432229634,40.054275543401324],[17.969153959636927,40.0544060583431],[17.969178342995605,40.054435623998465],[17.96924884638588,40.05450429661667],[17.96930066457316,40.054498004126906],[17.969793495203284,40.05435388909636]]],[[[18.39778533459399,40.309573976617536],[18.397830691554326,40.30932451060282],[18.39770973787178,40.30917331780972],[18.39761146394018,40.309112841561934],[18.3975509869064,40.30909772237717],[18.397475390821214,40.30915063932066],[18.397407354538373,40.309218675398704],[18.39736199675522,40.30928671254609],[18.39727128136097,40.30954373872652],[18.397256161941463,40.30958909574315],[18.397324199198607,40.30965713283797],[18.39776265505245,40.30974784744656],[18.397808013230613,40.30968737071709],[18.397800453370014,40.30961933443043],[18.39778533459399,40.309573976617536]]],[[[18.385002054358175,40.31835066930683],[18.385130567833777,40.318154119989565],[18.385251520898503,40.31770810364566],[18.38524396101525,40.317473756263254],[18.38522128221104,40.31738304086271],[18.385032292797874,40.31734524324878],[18.384956696308343,40.3173603625702],[18.38473746874491,40.31793489180706],[18.38469211085261,40.31811632219114],[18.384699670219156,40.3184262657796],[18.384729908934958,40.31859257701123],[18.384805505130377,40.318592576485415],[18.384873541121568,40.3185396596073],[18.385002054358175,40.31835066930683]]],[[[17.920804817508863,40.217794301427524],[17.920590744946022,40.21776371970582],[17.92048370806994,40.21794721032285],[17.92036138077866,40.218191865151006],[17.920254344080004,40.2188646654313],[17.920300216842524,40.21915519286109],[17.92051429034039,40.219613920755876],[17.92074365363553,40.21965979339565],[17.92108005375779,40.21958333931716],[17.921691690874376,40.219094029153595],[17.92166110862451,40.21880350205038],[17.920804817508863,40.217794301427524]]],[[[18.503096140448076,40.092218171512634],[18.502890961833035,40.09196549310287],[18.50285051421091,40.09226098364765],[18.502991944639593,40.0926223135845],[18.50310695451706,40.09277459086905],[18.503238671297957,40.092774920282885],[18.503407370580142,40.092538473492674],[18.503383412737943,40.09243034368092],[18.503273307886946,40.09233384100614],[18.503096140448076,40.092218171512634]]],[[[18.122461263932895,39.87990333418122],[18.12241936542607,39.879895420284114],[18.122343508818314,39.879917170375705],[18.122247234213006,39.8799607677592],[18.12218907864538,39.880005836311156],[18.122176686357477,39.88008772911294],[18.122193582598104,39.880126844157324],[18.122233486147433,39.880141658044195],[18.122385965435555,39.88014754258145],[18.122434060609667,39.880114509584665],[18.122464962253204,39.88004013853714],[18.122485122344525,39.87995088695841],[18.122461263932895,39.87990333418122]]],[[[18.118880573278307,39.88260115049338],[18.11878751983319,39.88258155903933],[18.11857555752928,39.88265455477738],[18.118468025308204,39.882701289352454],[18.118193996060814,39.88285562083494],[18.118064430202804,39.882955795192345],[18.11802753759245,39.88305086803441],[18.118040016006947,39.88314427377866],[18.118069562282297,39.88316890135291],[18.118169578350127,39.88319693051149],[18.1182996103358,39.88314391707874],[18.11857402309737,39.88301427765682],[18.118682658523845,39.882953970337645],[18.1189019242419,39.882826455545334],[18.118952611505755,39.88279097082774],[18.11895023671499,39.882620348223966],[18.118880573278307,39.88260115049338]]],[[[18.096396873803975,39.89514304223652],[18.09652880463657,39.895125863185335],[18.096645628220966,39.895082908408085],[18.096706545833815,39.89499268322885],[18.09667579847671,39.894455706963576],[18.09666682455666,39.89436651558347],[18.09661728619543,39.89432323663179],[18.09647305729689,39.894291942368945],[18.096366083198305,39.894343108006275],[18.096174421981683,39.89445940803413],[18.095755164562085,39.89499152603064],[18.095712756369544,39.89508927689564],[18.095792807425067,39.89518633162659],[18.095867740162635,39.89522310714991],[18.096396873803975,39.89514304223652]]],[[[17.894750312959218,40.2508477650974],[17.894583947934475,40.25077926167576],[17.89444694108938,40.25087712350141],[17.894417582784232,40.25110220539833],[17.8944175830765,40.25132728836071],[17.89453501665829,40.25155237015822],[17.894711168957652,40.25171873510675],[17.89499496838782,40.25186552852461],[17.895171119024074,40.25191445934836],[17.895308125451475,40.251914459350694],[17.895376629587737,40.251836169483504],[17.89531791215828,40.251738307864315],[17.894750312959218,40.2508477650974]]],[[[17.890883052222108,40.253330909714165],[17.890933118500346,40.25327661547176],[17.890987708864124,40.253190174677435],[17.890998087186627,40.253135419663685],[17.890809551715225,40.2529072445787],[17.89062805260965,40.25293254164309],[17.890448053734506,40.252991441721555],[17.889646008795648,40.2533390468602],[17.889465744162163,40.25341819771593],[17.88938754813063,40.253581609104145],[17.889396385433024,40.25367084345272],[17.88949208804939,40.25377358087582],[17.889555220158563,40.25379342043501],[17.889629826816325,40.253816865489085],[17.89007237681802,40.253946691801644],[17.890407573882893,40.25395220245681],[17.890451312993694,40.25394273282487],[17.89048566498235,40.253921426764514],[17.890883052222108,40.253330909714165]]],[[[17.888839454973656,40.25556470771837],[17.888731807150453,40.25553534945399],[17.88841864926037,40.255603852604494],[17.88836971856652,40.255711500268774],[17.88836971825858,40.25585829361549],[17.888712234791136,40.25618123737389],[17.888937317589644,40.25603444455785],[17.889025392636334,40.2558485070301],[17.888927531445816,40.25565278322896],[17.888839454973656,40.25556470771837]]],[[[17.889573419570578,40.25599530033881],[17.889328764843423,40.255956155495575],[17.88924068888037,40.255995300037775],[17.88918197178211,40.256249741156786],[17.8892406894286,40.25645525066848],[17.88972999807459,40.256523754311935],[17.889710425803546,40.256151878848044],[17.889573419570578,40.25599530033881]]],[[[17.887761139689584,40.25938560279638],[17.88753177588317,40.25935502030419],[17.88732446513666,40.259389572035396],[17.88733629733319,40.25949014382058],[17.887311243593356,40.25964045966783],[17.88727992769973,40.2598158280022],[17.887330034106423,40.25988472266532],[17.88741145528207,40.259928564681545],[17.887624402373955,40.25988472292204],[17.88781026263689,40.259800079542096],[17.887834365935333,40.25977761644648],[17.887898757615158,40.25953851157274],[17.887761139689584,40.25938560279638]]],[[[17.883977194787175,40.26000652641285],[17.88397651222831,40.25992773012432],[17.88397607070077,40.2598250021118],[17.88397646151241,40.25961376282303],[17.888088297619507,40.255255783206955],[17.888305053686548,40.25509512986711],[17.888287572996195,40.25482951545885],[17.888284919100716,40.254790968657225],[17.888268317068043,40.254571954066456],[17.888173209159728,40.254540454416265],[17.88810878056618,40.25451911661449],[17.885258032088938,40.255506366183724],[17.884911121649854,40.25565685534951],[17.88429307506224,40.255931735219704],[17.88425244247269,40.25595735971534],[17.884185020660535,40.25600220327748],[17.883876044024866,40.25621803081684],[17.882524467454374,40.25778379702434],[17.882457925636544,40.25799126301906],[17.881398431902184,40.26175090487711],[17.881402889921024,40.26205403541554],[17.881431698524707,40.262092268262734],[17.881458163349002,40.262114948386554],[17.881543685386443,40.262118178326354],[17.882024372902265,40.26213632736214],[17.882124745013904,40.26207414975714],[17.882965693215734,40.26155319780024],[17.88374512575538,40.26069934753795],[17.884024869809046,40.26026182508064],[17.884007567346906,40.26020356225273],[17.883977194787175,40.26000652641285]]],[[[17.88312799055082,40.262673150695434],[17.883372645043615,40.26262727738295],[17.88340322738729,40.262367331880505],[17.883403227394822,40.262260295753734],[17.88335735470423,40.26219913194234],[17.883280899577787,40.26210738669212],[17.883082118489188,40.26210738660702],[17.88292920895741,40.26219913177441],[17.883020954580214,40.262627277422865],[17.88312799055082,40.262673150695434]]],[[[17.88606384712822,40.26351415129786],[17.886002684158154,40.26349886029115],[17.88583448309172,40.26351415077915],[17.885727446935018,40.263575314430774],[17.885620410958673,40.26391171485104],[17.885605119754356,40.26406462439956],[17.885727447216393,40.26415636962741],[17.88584977405356,40.26414107869843],[17.885972102016222,40.26401875149501],[17.886063847957693,40.26368235110958],[17.88606384712822,40.26351415129786]]],[[[17.878999442286705,40.267841480720314],[17.878861824235784,40.267826190423506],[17.87883124211277,40.26802497239976],[17.878831242002068,40.2683002085724],[17.879014733479295,40.26842253600504],[17.879198224523165,40.268483699968534],[17.87925938814994,40.26817788154666],[17.879152351762258,40.26790264460492],[17.878999442286705,40.267841480720314]]],[[[17.874224853086268,40.269807319814824],[17.874583233935333,40.26928169477801],[17.874153176081762,40.26909055848755],[17.87384257963756,40.26904277431],[17.873675335121856,40.26904277405004],[17.873412522455418,40.269042773642084],[17.87326916980304,40.26916223463402],[17.873197494522458,40.269353370435184],[17.873221386198544,40.26952061477062],[17.87362755121546,40.26983121213591],[17.873938147402683,40.2698312117383],[17.874224853086268,40.269807319814824]]],[[[17.865546731296295,40.271297615253395],[17.868926942451562,40.26954677993099],[17.869011030469068,40.269479622914744],[17.869061304324777,40.26940826351659],[17.86907268264523,40.26933376430106],[17.869080599283123,40.26899764109627],[17.869077015339315,40.26886079210069],[17.868981664488956,40.26860289781072],[17.868891906642446,40.268545275003895],[17.86885664597273,40.268522638408186],[17.86713345555509,40.2685508204809],[17.866586985082364,40.26889998302711],[17.864647462713787,40.27050005150664],[17.864341453114093,40.2709845200531],[17.864299410125156,40.27106644595532],[17.86428441786258,40.27117550687837],[17.864279826451703,40.271229813474186],[17.864310438363216,40.27132860862305],[17.864356473135498,40.271382834398295],[17.864410507451403,40.27144227189754],[17.864465937041675,40.27147096136271],[17.864548003514418,40.271505836680554],[17.864635769701092,40.27152603382056],[17.864726418554742,40.27152352915683],[17.865099094556108,40.271434051214236],[17.865546731296295,40.271297615253395]]]]}},{"type":"Feature","properties":{"reg_name":"Basilicata"},"geometry":{"type":"MultiPolygon","coordinates":[[[[15.465747516683226,40.63358642336607],[15.503635899236285,40.66366812760311],[15.381476270245313,40.72414975924115],[15.387704702852961,40.79345726559153],[15.366111770974962,40.80048483988754],[15.380501895938485,40.8109491137291],[15.33496982470563,40.83487966572484],[15.377271700479007,40.83603059553662],[15.377951870853927,40.86764139290045],[15.355243555195548,40.870894312265094],[15.354164326597393,40.8826523757939],[15.460812434855544,40.867151267539526],[15.473016795143451,40.87433877413966],[15.467629370552485,40.889602789191194],[15.527242169370158,40.907834604890574],[15.568267819439505,40.97564729065605],[15.56324436361182,41.030753587175745],[15.539302649652948,41.070376113366464],[15.560288223924433,41.08849636687442],[15.613295730272448,41.09822835694128],[15.684053692845051,41.086745365693126],[15.739369972935283,41.09940895720533],[15.768399287755704,41.083190965726814],[15.797757192775132,41.09101652077564],[15.803571825107282,41.11089348062781],[15.831743150510487,41.129134166208914],[15.844968028475195,41.124299011082115],[15.870254521937609,41.13992127113453],[15.921401543034937,41.11153672190818],[15.954149670802035,41.109440159329864],[15.954139936428469,41.09312091005561],[15.977730006761178,41.09328044926797],[15.998686561582556,41.05477439435903],[16.039896510861553,41.03413935042139],[16.027934812272722,41.02408113891279],[16.02703859563035,40.99121384954989],[16.00835316972779,40.97209169237972],[15.971811625659637,40.97213165561904],[15.976628510246815,40.95845290627452],[16.091877267245835,40.92097584423012],[16.121069649143614,40.897718849024486],[16.162971136555218,40.92857993083574],[16.20246420581977,40.91753153345664],[16.243027364344005,40.83846278690337],[16.384794436203443,40.73274147748672],[16.400152372193414,40.7074063832394],[16.429998357862704,40.70397318493123],[16.501052488834336,40.76228789478411],[16.53837675901169,40.725405174068705],[16.536867614907607,40.75290064657014],[16.554473236838906,40.75765397011636],[16.57244128500615,40.736936879922574],[16.568337472226887,40.75791439889731],[16.585584742241032,40.76259166623099],[16.5943595529013,40.7526410808016],[16.633075471638595,40.75339329306925],[16.652862058517208,40.736297542984964],[16.663359131648456,40.74886714071949],[16.724904272569372,40.71382995979363],[16.696486922122872,40.702610696839635],[16.727200292138647,40.68837754655697],[16.710140979963544,40.63021533932204],[16.728257380478485,40.601418343362326],[16.7117709414683,40.59282745282681],[16.70573511815776,40.5543965642907],[16.721579958287755,40.53716123640615],[16.71669958164959,40.52360340438599],[16.736338142275702,40.51076505221344],[16.72021797922724,40.479824813971774],[16.743740860788336,40.46472322501312],[16.802815741866986,40.45744378289772],[16.81015527529045,40.4330427822607],[16.86717341806744,40.39785064358539],[16.781993016308185,40.29587406998273],[16.732544028730324,40.20282231138513],[16.64526076202247,40.118128200454805],[16.587308602451216,40.1334633393187],[16.53001130675706,40.11809415741932],[16.517715552450873,40.128705914741545],[16.439552424402432,40.13022163714489],[16.42111578456198,40.14392585957682],[16.40973995912853,40.11999147883175],[16.414240099004893,40.080684593208744],[16.393644984873163,40.04510387377585],[16.398379729265464,40.01694208584507],[16.339907061514342,39.937273968346716],[16.359663854939807,39.91960417752662],[16.35140969281176,39.89901522501065],[16.316238233885052,39.92911544214873],[16.26672687668779,39.934882212782924],[16.21427764428679,39.92659567841339],[16.21469213041515,39.89597930526136],[16.158037227495388,39.919676164205846],[16.137973711315666,39.901412706268545],[16.049022759136164,39.89480205879226],[16.01653266205784,39.925751562742555],[16.006802842454864,39.95730524518849],[16.03359257780227,39.98234900281229],[16.030200793872208,39.993488615078675],[15.978213441502419,39.983742922564005],[15.928020911555791,40.001071723656395],[15.897771485619474,39.98167089856656],[15.889673098575404,39.994581775334865],[15.868350190986837,39.98803826688953],[15.847745934032204,40.00592420737989],[15.820051160118142,40.001869104894915],[15.773975384077744,39.96151124470257],[15.755916190209602,39.923556276222804],[15.732412070415263,39.96237942647514],[15.67505264462663,40.01460526622241],[15.675331636791013,40.03000918781879],[15.6444874372624,40.041578963853986],[15.676164400157576,40.05489897953552],[15.65162548405668,40.078580691794535],[15.676982773423076,40.08446761537923],[15.705826583556266,40.11773411295622],[15.700507981228705,40.15827732086646],[15.712527127545663,40.178443995190996],[15.734476853585246,40.201675320596834],[15.795204965513252,40.22138098093179],[15.787816492562692,40.2373740549526],[15.803853148781148,40.2506793855308],[15.806361421693081,40.27323093794869],[15.72687982947469,40.3154453232505],[15.704748075198152,40.34223993314706],[15.709811879865743,40.37593961649596],[15.70063854197736,40.3838394651429],[15.662731850282634,40.3924932885874],[15.647978835664542,40.41400614553159],[15.586733833148232,40.443602199187836],[15.57589744057986,40.46958793694744],[15.538857624589124,40.48804921016707],[15.535228012819736,40.499640690331084],[15.550473600695211,40.509246863271436],[15.535312639248554,40.522261336369155],[15.541997216097586,40.5324032186821],[15.528817754386422,40.556397756700136],[15.53934024884785,40.56806384068497],[15.4494714966782,40.60910070929164],[15.465277541549007,40.63093627791784],[15.465747516683226,40.63358642336607]]],[[[15.74355219493455,39.934176997891555],[15.743807474381658,39.934146965429925],[15.743972655586347,39.9340568666629],[15.744032722305628,39.93389168459293],[15.74409278806057,39.933711486866784],[15.744077771739313,39.93356132197796],[15.743687343123629,39.933170893830386],[15.743537178218915,39.93317089345298],[15.743417046246398,39.933200926916825],[15.743011601391421,39.93335109194411],[15.742996584205752,39.93342617403357],[15.742996584194332,39.933801586218124],[15.743026617140623,39.93389168493971],[15.74310169984317,39.93398178367621],[15.743221831938062,39.93408689895029],[15.74355219493455,39.934176997891555]]],[[[15.716877228184574,39.96765716356018],[15.716981008655454,39.96764212326479],[15.71707734894934,39.967596020107145],[15.717137215566968,39.96756553784955],[15.71727016399929,39.967490305310044],[15.717322283031464,39.96741077994153],[15.717260714504002,39.9673198746867],[15.717156150650792,39.967267468624485],[15.716878837121417,39.96715312585596],[15.715354226408287,39.966634433527275],[15.715085273390507,39.966605091029905],[15.715003870983788,39.96660982821218],[15.714885152070957,39.96666623188933],[15.71484861712515,39.96678534520405],[15.714901802225613,39.96693973241691],[15.714986258900867,39.967114797495555],[15.715189411995434,39.96738194394391],[15.715309696157295,39.96746043422241],[15.715466761210418,39.967541283318646],[15.71632712829504,39.96780167265615],[15.716513019501946,39.967759355684066],[15.716750935324649,39.96769601191326],[15.716877228184574,39.96765716356018]]],[[[16.633764099740905,40.75478101392111],[16.646456190918737,40.754151529388096],[16.63376065809384,40.754398452566136],[16.633764099740905,40.75478101392111]]]]}},{"type":"Feature","properties":{"reg_name":"Calabria"},"geometry":{"type":"MultiPolygon","coordinates":[[[[15.974171271132523,39.467569370111725],[15.925195587219765,39.52653182885439],[15.875594500053346,39.551980308853885],[15.831839765226164,39.667770335609546],[15.816282253245669,39.679740872609806],[15.785475164941854,39.8166352810936],[15.76905839863252,39.835577392013235],[15.79216212936383,39.86019875526464],[15.755916190209602,39.923556276222804],[15.773597079747365,39.9611599706235],[15.820051160118142,40.001869104894915],[15.847745934032204,40.00592420737989],[15.868350190986837,39.98803826688953],[15.889673098575404,39.994581775334865],[15.897771485619474,39.98167089856656],[15.928020911555791,40.001071723656395],[15.978213441502419,39.983742922564005],[16.02014369261819,39.996211340402915],[16.033811171188947,39.98276337000998],[16.006878981678696,39.956936193583395],[16.01653266205784,39.925751562742555],[16.049022759136164,39.89480205879226],[16.137973711315666,39.901412706268545],[16.158037227495388,39.919676164205846],[16.21469213041515,39.89597930526136],[16.21427764428679,39.92659567841339],[16.26672687668779,39.934882212782924],[16.316238233885052,39.92911544214873],[16.350596871394316,39.8987341528485],[16.359663854939807,39.91960417752662],[16.339907061514342,39.937273968346716],[16.398379729265464,40.01694208584507],[16.393644984873163,40.04510387377585],[16.414240099004893,40.080684593208744],[16.40973995912853,40.11999147883175],[16.42111578456198,40.14392585957682],[16.439552424402432,40.13022163714489],[16.517715552450873,40.128705914741545],[16.53001130675706,40.11809415741932],[16.58566188147178,40.133374057912356],[16.626863561320967,40.13006265542956],[16.64375801640865,40.117046749795904],[16.605657083976492,40.07998174158372],[16.599019113340333,40.0395631724379],[16.62752733774956,39.958804739808976],[16.53825602205578,39.87075519098013],[16.489128411603016,39.79639163052909],[16.492192844432132,39.75150737207423],[16.529399828488323,39.724435548817354],[16.518122911427927,39.66795538104383],[16.6186489984209,39.62194819984012],[16.77041664490237,39.620790544267116],[16.866595006362754,39.53861861577565],[16.96144882776361,39.495229509965746],[17.02161812168731,39.48390846323625],[17.046296909780885,39.444280658692996],[17.080547780725386,39.422007787899766],[17.156915056263745,39.401362672155955],[17.109801478513415,39.30861838829525],[17.107382491512947,39.250875108587756],[17.14791143203738,39.20585652316122],[17.108337110768808,39.10699073406219],[17.115048215490273,39.09104024547512],[17.13515445902729,39.08697923845039],[17.132089169659412,39.06535984276692],[17.146360392481068,39.04728335729768],[17.20652662486223,39.0284572479819],[17.166202015336193,38.99692991563404],[17.168894048926393,38.95485207744744],[17.094154973120247,38.89261876173863],[17.08259996841336,38.91310914646196],[17.042090107527,38.91891105244731],[17.022114996222616,38.90597771813156],[16.98613199568904,38.93661537587],[16.951270821902387,38.93768161499578],[16.79136577403699,38.90132610707948],[16.614542652643706,38.81935820105325],[16.534886025264818,38.71319276792458],[16.558734255178493,38.68134893598434],[16.57982040444806,38.501674971657174],[16.582694524938535,38.45533947906875],[16.564466516782556,38.41956597651634],[16.46730280247189,38.340509305337996],[16.317986141629092,38.28811314814029],[16.165222789495928,38.13582488228804],[16.143443547726168,38.029182571788986],[16.06445539446747,37.92563475058235],[15.995334396038752,37.91674443249735],[15.92015668212719,37.929696563911875],[15.764318551502516,37.91637438041718],[15.67842004415697,37.95393230846451],[15.637100884702184,38.00624021986884],[15.63443551481659,38.019901652980714],[15.657157057777995,38.04009120268394],[15.630764636682308,38.10182730967285],[15.656316943135245,38.134953021774315],[15.634007233510834,38.18584072137298],[15.632805194412635,38.2222527497403],[15.793509414751526,38.28013769270334],[15.824924932036554,38.31488106598241],[15.833000307800672,38.35612583664744],[15.859546514842418,38.38225104129262],[15.875959875377786,38.42225248044125],[15.90764011281033,38.445201985568374],[15.910973157450638,38.47256020373238],[15.891778618091871,38.44536118661767],[15.930598855367224,38.54683563337455],[15.827059399753573,38.618941653782294],[15.835971089624797,38.64488786788656],[15.871414163157873,38.672318371589085],[15.948429812649415,38.691337072920874],[15.986424927933657,38.72315964165397],[16.04124892440197,38.72717866495013],[16.10619778245352,38.71197594685222],[16.138938769788417,38.71978417609389],[16.18852755791214,38.756121113690824],[16.219515654139542,38.839008172453454],[16.216033611988625,38.924851510827565],[16.157939708594043,38.950166358761166],[16.099153265340064,39.02919474868977],[16.066307741105845,39.14131204264685],[16.052222068962216,39.29481150768686],[15.97944134765102,39.462430857589275],[15.974171271132523,39.467569370111725]]],[[[15.800898239993703,39.70035594523247],[15.801226498132383,39.70032472321115],[15.802267929230883,39.70005746968476],[15.802655218996252,39.69985686202038],[15.802728225007483,39.69978505866849],[15.80285545634613,39.69958410130584],[15.802971235538239,39.69937032720322],[15.80310916206942,39.69895277005098],[15.803147838739031,39.69878402301407],[15.803173153744357,39.69849457914798],[15.803197565092278,39.6979892185316],[15.803079253759979,39.69769024297733],[15.80302964873938,39.69763017255406],[15.802941709972758,39.697594841703705],[15.802790507633436,39.6975677502133],[15.802531431248937,39.69752450704481],[15.802212865120927,39.697498272606865],[15.801327000884934,39.6974334226668],[15.801239702009024,39.69743406448351],[15.80107756038691,39.69744360634011],[15.800947467411289,39.69748275725273],[15.800657732061374,39.697571790715216],[15.800404178323772,39.69782068625691],[15.800278736940024,39.69798104803533],[15.800199128221944,39.69808921132248],[15.800075711751111,39.698343920645364],[15.80009159238449,39.69850497715968],[15.800324180188488,39.70016951553411],[15.800473454943491,39.700267849797996],[15.800648417556312,39.70032302921136],[15.800898239993703,39.70035594523247]]],[[[15.774351917195473,39.87569145659586],[15.774522790650714,39.87568389877985],[15.777912347804035,39.875190251081975],[15.778314665622982,39.87512807415595],[15.77912716923597,39.87494085441484],[15.77971231236611,39.87455776960247],[15.780641387555661,39.873564775349344],[15.780656320845129,39.87341038196158],[15.780638330981663,39.873294780582924],[15.779888583141203,39.871896749478196],[15.779391554485764,39.87182455790886],[15.776651903995925,39.8721933129403],[15.77066753530052,39.871403917315114],[15.770517221207806,39.871385622731125],[15.769953768003354,39.8713379447699],[15.769458254775017,39.87140229352527],[15.769317164982908,39.87146430759536],[15.769051881966764,39.87160590198216],[15.768670984431743,39.87184949928939],[15.768605120196467,39.87192707951557],[15.768715006171037,39.87243260720928],[15.768770358995528,39.87253511013451],[15.76997577741697,39.87405393480903],[15.770321724031552,39.87441165503293],[15.770806645317489,39.87488897476094],[15.771218322957434,39.87515946079829],[15.771406904364776,39.875241781745],[15.772577512053411,39.875505616980476],[15.772834934259809,39.87553267009222],[15.774351917195473,39.87569145659586]]],[[[15.778622448404459,39.84749933144717],[15.77847068541076,39.84748740786075],[15.778168349492416,39.8475962901935],[15.778387450097354,39.84795726739164],[15.778492062291448,39.84808122001845],[15.778583479019268,39.848179334131174],[15.778856523530811,39.84823978579696],[15.779196951773928,39.848066834263896],[15.77926754048125,39.84801318821919],[15.77916551257756,39.84775911300012],[15.779024209109975,39.84761860038509],[15.778899978534058,39.84753363285445],[15.778772163527817,39.847490541912606],[15.778622448404459,39.84749933144717]]],[[[15.789504999182629,39.856832941753424],[15.789585100641867,39.85674489894112],[15.789582912263292,39.85652776736028],[15.789578594248082,39.85641136379127],[15.789531953285499,39.856364098560526],[15.789456370232546,39.85634175842756],[15.78868541874454,39.85619959351528],[15.7883241554572,39.856241312466814],[15.788160404224962,39.856533508395685],[15.78812248477632,39.8566221072888],[15.78822012568367,39.856665885951486],[15.788842912376023,39.85681532726183],[15.78906260071115,39.85685002812566],[15.789504999182629,39.856832941753424]]],[[[15.856514484860234,38.37895758497593],[15.856389287986042,38.3789088380731],[15.856253581488417,38.37904043422723],[15.856205131369624,38.379142923219646],[15.856233301115003,38.37920078316074],[15.856468479703572,38.379289706749454],[15.85661182624513,38.379285665279305],[15.856698145991661,38.37908680359204],[15.85667287192666,38.379019562787576],[15.85661778166913,38.37899201698671],[15.856514484860234,38.37895758497593]]],[[[15.857713077201375,38.38117095935225],[15.85789062569716,38.38100657292963],[15.857967519142594,38.38087200855137],[15.857958660391727,38.380741423047404],[15.85741303369596,38.38080481205377],[15.857458630125612,38.381138019370006],[15.857469152127674,38.3811836160287],[15.857521763756646,38.381215183198464],[15.85760556817389,38.38123228700742],[15.857713077201375,38.38117095935225]]],[[[15.857358668222572,38.381278317544215],[15.85730079611095,38.38124324271781],[15.857164004521785,38.381208168077094],[15.857009677763523,38.381246750450636],[15.856802738257217,38.381383539872985],[15.856665705290084,38.3815949781018],[15.85672908242821,38.38164659836202],[15.856809753441834,38.3816957023043],[15.856911469380588,38.381727269329076],[15.85707982660547,38.38165712042829],[15.85725695246182,38.38158171059641],[15.857386160550927,38.38145721177277],[15.85743407805391,38.38134495792283],[15.857420048212074,38.381306376799],[15.857358668222572,38.381278317544215]]],[[[15.999803684433356,38.72544250343467],[15.999357948419625,38.7252642083126],[15.998965700217848,38.72520180578377],[15.998707172755172,38.725308782302065],[15.998546706928316,38.72539792939206],[15.998475388996637,38.72551382062854],[15.998537793056387,38.72557622385706],[15.998680428647903,38.72559405311704],[15.999188568254418,38.72562971241153],[15.999634304340033,38.7256118830913],[15.99994186365037,38.72558959602291],[15.999937405797082,38.725522736004315],[15.999803684433356,38.72544250343467]]]]}},{"type":"Feature","properties":{"reg_name":"Sicilia"},"geometry":{"type":"MultiPolygon","coordinates":[[[[12.907870882941802,38.02511339263306],[12.984544706530968,38.04274236728834],[13.07780390081503,38.08772027035535],[13.053033064339397,38.137129622043],[13.072214345740184,38.14166327637772],[13.084843315698107,38.1613964908127],[13.078766552610878,38.173825280118415],[13.105329117035518,38.190485609937845],[13.160039208633643,38.185808268115736],[13.163057614960785,38.17108288659654],[13.191387510077785,38.16933480946469],[13.314839425491474,38.22455568337147],[13.32961359485943,38.19923229777237],[13.36571757346456,38.18228462821074],[13.374903078519358,38.12853031556621],[13.362666498381332,38.12983758560479],[13.384260533873878,38.10865855030096],[13.442719448217408,38.09480679656588],[13.504401619776012,38.107703806488395],[13.507443200244278,38.119446929038425],[13.537876692556202,38.11255062796343],[13.536490313002886,38.067090189209104],[13.565244583055165,38.039863328470986],[13.74495693226328,37.97014324542415],[13.835176400867864,37.982892405601255],[13.945635525536629,38.02863814748531],[14.022784401917365,38.041342538234865],[14.065121367024137,38.01850494012999],[14.110411865294127,38.01488141275147],[14.146104522306622,38.02669255448735],[14.28845788784645,38.007007247553126],[14.372828420412011,38.015843384744876],[14.426872121808813,38.04055183069737],[14.470430443221705,38.03299161168864],[14.52204876234595,38.04165468419619],[14.556420418611454,38.06011754199591],[14.636432281917376,38.07327160870679],[14.74858566074601,38.16584434263336],[14.787118866660675,38.15153669325683],[14.8906231972304,38.17247365856899],[14.91465057906817,38.191898474349586],[14.973070755494948,38.151768408997086],[15.047181802481754,38.149157686309366],[15.056169119892665,38.1315083936994],[15.096589085691825,38.12104151771946],[15.173766382891433,38.15336761467675],[15.211306985513698,38.18556580223428],[15.241179043542381,38.24356620059062],[15.2245955830921,38.27032815284947],[15.25184457162537,38.25191063545188],[15.241353581919457,38.21691836360473],[15.292829291854002,38.20637785813962],[15.429123173913512,38.242393324486436],[15.541413334685204,38.30144453112383],[15.653297796066362,38.2677209572997],[15.5821790129454,38.24536147365519],[15.557594060435896,38.19038399663211],[15.57461256032962,38.19322165951045],[15.493602124345779,38.07461447144966],[15.305962587853886,37.87787219281238],[15.301888970520505,37.85281386574502],[15.273086229366418,37.83580514548984],[15.275356069818798,37.82153297685429],[15.2138219768835,37.756499000688954],[15.204942573209156,37.737398406003976],[15.218347293065415,37.70837305003676],[15.199186307223462,37.654342084867125],[15.174718281254748,37.632755364894564],[15.177141758741671,37.57626164950822],[15.11503803138507,37.53066295121382],[15.09984887125737,37.48390085802636],[15.095770247090414,37.50141175815756],[15.086200470449551,37.48220948641311],[15.100042309694492,37.31678359498333],[15.189127335197178,37.281771363220464],[15.206157255209247,37.29342178642778],[15.255602746559266,37.24139992991234],[15.247160616871758,37.2320269752727],[15.22380241593708,37.23889230823369],[15.232453212024017,37.198446054687345],[15.212806697972333,37.24656474432574],[15.18595136121738,37.23642579159958],[15.194931325074007,37.22617523279074],[15.184943728779453,37.19547028112805],[15.206263828678322,37.15317260866355],[15.233610819262328,37.15912709770496],[15.244091860658113,37.146391604541265],[15.229236384736733,37.15260817372249],[15.220117159398074,37.143368268262705],[15.23694989681073,37.115439576749985],[15.295748407340158,37.10674489940528],[15.297196262065071,37.0580044190581],[15.274520453954553,37.062337675032104],[15.275635329610337,37.03937844248075],[15.289289476813295,37.03262449186818],[15.303275950732576,37.04293125037538],[15.336562503302105,37.00712729766706],[15.314767161005609,37.00368973323375],[15.30172283654624,37.01530717672441],[15.275338495025485,37.00716347233028],[15.261669274757624,36.9743079407838],[15.214084750364878,36.96384860373378],[15.15343041287034,36.914459302644595],[15.136786211283876,36.866260917628416],[15.112371259105768,36.850905436125935],[15.095507917199521,36.79551183779868],[15.138435869184379,36.68249187089294],[15.13196454560482,36.66680926931913],[15.116084221343067,36.674766881231],[15.079763200496412,36.64771437491784],[15.017959738622526,36.702017297882485],[14.956615356819468,36.69408555751728],[14.876857553111263,36.73109757649194],[14.781048991797617,36.703677698944134],[14.746585959409355,36.720071380051394],[14.691251132890734,36.720799552144065],[14.639124461714516,36.7610578847496],[14.588286261061212,36.77699356982966],[14.49295383129924,36.78658104177118],[14.460035721173465,36.814680625865584],[14.444155934615614,36.870021699569996],[14.382915555426058,36.95624849494602],[14.308342414767635,37.02782465016264],[14.263122267247837,37.04560770461941],[14.258618742498662,37.05826871192549],[14.07827395095114,37.11003101023056],[13.97788293585244,37.10900384364694],[13.93366579459141,37.09524758504397],[13.878922025644536,37.102547293542315],[13.824680708972615,37.14424905500963],[13.750400115615975,37.14944136227787],[13.661614237645434,37.19396535359275],[13.643562909615362,37.22574279511882],[13.576761037451877,37.26091830840666],[13.555520978195945,37.28543973947724],[13.479220455922226,37.28699659049901],[13.429257716198842,37.303901122297034],[13.402962982201167,37.33243682390508],[13.271678933380722,37.391423505517096],[13.255590317866389,37.4223125327152],[13.168910956894212,37.49198990600139],[13.07672319058557,37.505502156626406],[13.020016270396363,37.49558117917176],[12.96268278758704,37.562745708417246],[12.917718694067084,37.577103213749055],[12.78139398385108,37.58085122082311],[12.673457414983263,37.560040316693296],[12.60383283304506,37.6423430252149],[12.559533637161973,37.66279985511746],[12.517705142458944,37.66080187498622],[12.470457059611809,37.704905821105704],[12.470065947660249,37.74704313299902],[12.425464523252524,37.803122647150495],[12.461686308333606,37.817295365941774],[12.464737903109858,37.84746709012041],[12.485865105510245,37.873682362341526],[12.458562620378721,37.90801924283613],[12.493560522958873,37.95273148579822],[12.494394991210408,37.98402959547794],[12.519881761119638,38.009293817103774],[12.492737456745113,38.01581664424944],[12.520836365979685,38.02304216274553],[12.569666200433174,38.06886601653214],[12.644932211753192,38.07860468395902],[12.662869642927182,38.0945012350711],[12.660800319657469,38.11193315105638],[12.709985596230984,38.10878730519495],[12.737435633332115,38.13935833127442],[12.715925764718634,38.17287007774603],[12.725800228115652,38.187145001652965],[12.738567863085468,38.175876318322544],[12.768148686267898,38.17955845680665],[12.768413065297969,38.154422317080325],[12.790889846012295,38.13474969539227],[12.790081079089681,38.11191862186898],[12.81096159602356,38.081299694765356],[12.86874029982949,38.050745382098064],[12.881160254994285,38.02945543127931],[12.9070489162991,38.02499126853828],[12.907870882941802,38.02511339263306]]],[[[12.529475006055558,38.06458592870121],[12.529524310851677,38.064579369928914],[12.529761518763317,38.064448351468954],[12.529764688346356,38.06435008778336],[12.529688612083774,38.06420321955664],[12.529576674711912,38.064032487180214],[12.529441630071172,38.063852427260606],[12.529393801359255,38.06381866564138],[12.529264275329545,38.063764463700075],[12.529097434388538,38.06378670939818],[12.52902328365986,38.063849738035245],[12.5289787922525,38.063916474866325],[12.5289343007555,38.06409073109404],[12.528978791632422,38.064164881825384],[12.529249445865899,38.06454305517942],[12.529475006055558,38.06458592870121]]],[[[12.298511430232224,37.91156334644134],[12.298348843197513,37.91156075634615],[12.29800990957196,37.911752620272324],[12.297966193947234,37.911986259901674],[12.298050008582193,37.91254885258998],[12.298175246205927,37.91281296826464],[12.298361071896961,37.91284405181973],[12.298543166621938,37.91277815772538],[12.299178715353877,37.91235628212519],[12.299240739145906,37.912229395429534],[12.299236257038539,37.9117253635341],[12.299102028507608,37.91165046696781],[12.298511430232224,37.91156334644134]]],[[[12.29048956256989,37.914875551862934],[12.290678067417092,37.91478446145749],[12.290724727140857,37.914616293892344],[12.29074586021473,37.91441546924664],[12.290728317972988,37.91429200583922],[12.29052919761699,37.9141450200584],[12.289240592553655,37.913451658147274],[12.289127248678197,37.913473898459806],[12.288986825728873,37.91356364213546],[12.28898402173254,37.91370973992036],[12.289006340426685,37.91403031752953],[12.289099710016794,37.91419897975703],[12.290085680682873,37.91506868332669],[12.29048956256989,37.914875551862934]]],[[[12.302002008052735,37.91622389203987],[12.302341820801958,37.91621853099489],[12.302434215676525,37.91615731630587],[12.30413453407907,37.91470687071104],[12.303926835204026,37.91455359861995],[12.302731913563365,37.913716262089],[12.30247574179065,37.91366065256977],[12.302251614177274,37.91361251658038],[12.302075554747043,37.913575590873954],[12.300973405336098,37.91386614107117],[12.300773157563839,37.913997376238136],[12.300534568769296,37.91433485363098],[12.300485422759571,37.91502854904],[12.300684108344026,37.91530128207291],[12.301529927843283,37.91602779344535],[12.301736689600263,37.91616016019401],[12.302002008052735,37.91622389203987]]],[[[12.308116564743825,37.95567356037806],[12.322969152948543,37.931205318583004],[12.344375012996903,37.93662244681615],[12.369179057892252,37.92238399651935],[12.366179980882036,37.90649505086955],[12.337267537415261,37.91979847587846],[12.28147981897034,37.919593358309065],[12.277922339735229,37.944801559341684],[12.30813397243053,37.95584387825568],[12.308116564743825,37.95567356037806]]],[[[12.063167013830446,37.9932746203296],[12.091446700563798,37.94763149100089],[12.049822986212178,37.95534315138984],[12.028232668494043,37.99107185782523],[12.062881614103258,37.993294515232435],[12.063167013830446,37.9932746203296]]],[[[12.327711282144163,37.98711707166363],[12.32808899279973,37.98707776853183],[12.328316090064225,37.987037963368884],[12.328495059232035,37.98699952128255],[12.328756097669059,37.9869110805833],[12.329039475094978,37.98678386676637],[12.329275587762206,37.98667706052545],[12.32940514518731,37.98657514287901],[12.329490881974403,37.98649710346452],[12.329605135619786,37.98637214401742],[12.329614366567373,37.98630990719842],[12.328870744051745,37.98611644655837],[12.328678237394897,37.98612190082477],[12.327922409047018,37.986324473307704],[12.32778942764893,37.98644742462836],[12.327595030367002,37.986943971250625],[12.327711282144163,37.98711707166363]]],[[[12.424663886891706,37.98999326457454],[12.426540673391772,37.98963790787972],[12.426855694115696,37.9894195295352],[12.426845565768406,37.98930216768974],[12.426813640771991,37.9891573057035],[12.425969365386264,37.987742163959055],[12.425852755769235,37.98773962400617],[12.425020401839891,37.987937640177854],[12.424379561273287,37.988193924844246],[12.424162788241413,37.988288288218534],[12.423577410102006,37.98858632938765],[12.42349353422819,37.9887061356035],[12.423627964335601,37.99006967886457],[12.424663886891706,37.98999326457454]]],[[[12.417050145946678,37.9877909939865],[12.417006864809007,37.98772697632275],[12.416746462695528,37.987685213179766],[12.41629741992106,37.98774742443399],[12.416159966915869,37.98777144040035],[12.415375249309683,37.98828984380989],[12.413475384412239,37.989892960489684],[12.412644394687732,37.99076740710144],[12.411373091159254,37.992207458903415],[12.411293573975557,37.99231469056135],[12.411274483994072,37.99234043410556],[12.411352210283932,37.99239622211652],[12.41182342361048,37.9922714285741],[12.411907800943231,37.992219236517094],[12.413183648079821,37.991310211156176],[12.414469880177053,37.99034734713085],[12.417050145946678,37.9877909939865]]],[[[12.335688232795066,38.02035593723263],[12.352548578562178,37.992550547177814],[12.338263343092706,37.98477804057344],[12.320184485899324,38.00118951277157],[12.335331855034946,38.0205612971185],[12.335688232795066,38.02035593723263]]],[[[12.456850671732944,37.86247622860985],[12.456483256430886,37.86246319173926],[12.456239728871303,37.86265627298918],[12.456257754868986,37.86291317736369],[12.45655289551778,37.86305228911366],[12.456898340252337,37.86304110748921],[12.457048974891045,37.86303395702082],[12.45718129996068,37.86290611723189],[12.45727136791254,37.86277475288948],[12.45719820823455,37.86262292927236],[12.456850671732944,37.86247622860985]]],[[[12.471190911973018,37.870322472997096],[12.465126234988897,37.86405570161025],[12.470953666010208,37.870482890032164],[12.471190911973018,37.870322472997096]]],[[[12.455322467475241,37.8873802069658],[12.465237177713325,37.878717974675126],[12.457027446032615,37.884024326947795],[12.455322467475241,37.8873802069658]]],[[[12.455374158790969,37.904886196934136],[12.446487665304545,37.84405145999137],[12.429385783084335,37.8951319761357],[12.45528454231157,37.90498016686486],[12.455374158790969,37.904886196934136]]],[[[12.05328242490627,36.75666982223024],[12.053130498239257,36.756669822467266],[12.052881891930525,36.756738879691646],[12.052799023148193,36.75684937219293],[12.052799022031644,36.75701510961375],[12.052909514816879,36.75709797880347],[12.05313049807091,36.757097978642676],[12.05329623634995,36.75700129817405],[12.053392917552058,36.75690461787287],[12.05328242490627,36.75666982223024]]],[[[12.052185460317359,36.79862479818164],[12.051923434559532,36.7986247979543],[12.051726915141513,36.79866410178446],[12.051713813933418,36.79882131784943],[12.051740016210573,36.798926127910995],[12.051831724635047,36.79904404007153],[12.052381979747178,36.79933226829234],[12.052486790480048,36.79910954655548],[12.05247368894431,36.799030938718225],[12.052408182647541,36.79888682375713],[12.052329574919476,36.798716507618934],[12.052185460317359,36.79862479818164]]],[[[11.954556100337136,36.83937630638082],[12.013322220306492,36.82516285319662],[12.046029986595228,36.80139839142371],[12.055400256538213,36.775450328378994],[12.047256339059517,36.74975630987248],[12.023366151988542,36.734340719934],[11.982343314155539,36.74448415927265],[11.926593466008883,36.80317426804055],[11.928413603090437,36.8253416675718],[11.953579467305449,36.8393974531883],[11.954556100337136,36.83937630638082]]],[[[12.496136675150684,38.01210352778716],[12.496281580657197,38.01206768252627],[12.496503780101637,38.01201153014078],[12.496727973168046,38.01180216481784],[12.497417660931955,38.00923532398426],[12.49741623675229,38.00503850303039],[12.497091547589111,38.0050172840438],[12.497289751858832,38.00918470519253],[12.496331084710954,38.01119629669049],[12.496071466256309,38.01130503793824],[12.49415973167298,38.01157058047919],[12.495760873738575,38.012087702770046],[12.496136675150684,38.01210352778716]]],[[[12.488883622193562,38.01239970161226],[12.488437875030348,38.012313750407124],[12.488047035816496,38.012490153095484],[12.487969345745267,38.012733177757255],[12.488185373955961,38.01287262641877],[12.488755499167613,38.01279598738776],[12.489031353679605,38.012669427877036],[12.489074906714974,38.01250213040779],[12.488939283844086,38.01240935329499],[12.488883622193562,38.01239970161226]]],[[[12.469578507230619,37.73054281470994],[12.469828795483027,37.73032155938896],[12.469319292906382,37.730381537996166],[12.46903140955766,37.73059770076353],[12.468957345009027,37.730667544248476],[12.468915546398701,37.730790093669256],[12.468912850628962,37.730841397237064],[12.468981544206125,37.73088989476318],[12.469162586452637,37.73084623930352],[12.469334448325817,37.730778590676856],[12.469578507230619,37.73054281470994]]],[[[13.236510563248032,38.21237698524469],[13.236726027726162,38.21255049761528],[13.236758676238551,38.21252264818415],[13.237296516432226,38.21199093006009],[13.23748917647624,38.211586174575274],[13.23757517366119,38.211221731775645],[13.237761255870398,38.20808093010303],[13.2374788196127,38.20764026436817],[13.235551660932932,38.20808843563363],[13.235406678816956,38.208142608631825],[13.234952565275867,38.2083127328492],[13.234498877438059,38.208657868413056],[13.234180750739023,38.20905215018815],[13.233774861082853,38.2102921155671],[13.233816354090296,38.21075563661005],[13.233819029239406,38.21078550366173],[13.233936603213715,38.212073710963985],[13.235252897476698,38.21250506394292],[13.235630099680812,38.21248970356569],[13.236510563248032,38.21237698524469]]],[[[13.537768880256166,38.11339600606494],[13.537559283406889,38.11330285214398],[13.537361329655543,38.11331449633471],[13.537244886887253,38.11336107389424],[13.537209955010672,38.113442583269126],[13.53758257145768,38.11367546952966],[13.537873678331277,38.11375697873278],[13.538118208933012,38.11379191176902],[13.538001765920814,38.113582314656206],[13.537768880256166,38.11339600606494]]],[[[13.155533043608935,38.715544772985986],[13.155384879674346,38.7155190048896],[13.155378437848123,38.71568005261375],[13.155462182472283,38.71573802965672],[13.155918056168884,38.716015535521],[13.156299629392999,38.71617607855172],[13.15635116508151,38.71612454312226],[13.15628674587709,38.715750913088876],[13.155908717558155,38.71563425722847],[13.155533043608935,38.715544772985986]]],[[[13.180665297160417,38.72067034557467],[13.200668858956075,38.70978632629983],[13.173850830496926,38.691789023096995],[13.153627994915707,38.69369154844911],[13.17820234449962,38.72024038701658],[13.180665297160417,38.72067034557467]]],[[[14.825912007657868,38.1650178933769],[14.825726298005025,38.164832184251885],[14.825331664043823,38.164901825240975],[14.825145954829116,38.16501789358433],[14.825099527623028,38.165226817715485],[14.825331664949994,38.16531967235049],[14.825587015630234,38.16536610007251],[14.82579593953796,38.16527324461251],[14.825912007657868,38.1650178933769]]],[[[14.846747449495133,38.5379374025832],[14.796466042126438,38.56099456442459],[14.807806323301929,38.58244414193843],[14.872242017469436,38.58059466170017],[14.870775652414531,38.53875044138827],[14.85011865986664,38.536220479813515],[14.846747449495133,38.5379374025832]]],[[[14.938966486725628,38.40006878729117],[14.939072516345083,38.39995618028335],[14.93907545598428,38.39985705700855],[14.93884517315743,38.399536986545314],[14.938583343858427,38.399455749446936],[14.938428757741057,38.399451167181695],[14.93834285333867,38.39945111090758],[14.938254106686829,38.399460084186174],[14.93813915246873,38.39950431547609],[14.938085463753616,38.39957662280466],[14.938033416946622,38.3997123151469],[14.938019058926645,38.39977539120184],[14.938039039059108,38.399842987178616],[14.938155083502053,38.399909230134774],[14.938474023146508,38.40008204924661],[14.938539849301185,38.40010460142717],[14.938669683509334,38.40011260058023],[14.938966486725628,38.40006878729117]]],[[[14.951151073502801,38.41996263388267],[14.951031189965585,38.41995407071313],[14.950988374511722,38.42000544952392],[14.950894181468911,38.42016814842177],[14.95088561836165,38.42022808978946],[14.950894181194935,38.42036509958098],[14.950979811604938,38.42039935162849],[14.951133946944058,38.42043360391834],[14.951356587276118,38.42029659441552],[14.951416529797104,38.4201424591759],[14.951356588012665,38.41999688675774],[14.951151073502801,38.41996263388267]]],[[[14.959983720060565,38.43227843648493],[14.96364872382862,38.41213287846477],[14.996992522198592,38.39626795090334],[15.00254895816498,38.37122965067844],[14.982767869607157,38.367085050372644],[14.948832531206076,38.388033156468516],[14.939544020067242,38.41133435539284],[14.959780337270633,38.432278365841626],[14.959983720060565,38.43227843648493]]],[[[14.899515655434625,38.49253480239202],[14.899421461502113,38.49247486087449],[14.899258762634664,38.492543365067306],[14.89919025813241,38.4925947437479],[14.899087501081269,38.49269750073276],[14.899104626573912,38.49290301502844],[14.89913031606577,38.49296295651203],[14.8992073838255,38.4930400239832],[14.899382926982536,38.4930528685946],[14.899541344448354,38.492920140692725],[14.899567033649067,38.492834510099364],[14.899515655434625,38.49253480239202]]],[[[14.951628666471677,38.521963773980644],[14.951551659604695,38.5217471882535],[14.95140611434936,38.52161954850593],[14.951369466139106,38.521620967766],[14.951273286019806,38.52163019325121],[14.951207280775671,38.521693250381595],[14.951132564490472,38.52190048365685],[14.951166962261654,38.52194105457901],[14.951436496255706,38.52200876733689],[14.951628666471677,38.521963773980644]]],[[[14.960486816592745,38.523386503891075],[14.96261442168955,38.49092124427275],[14.980690772035734,38.48333293654316],[14.955297419450513,38.474422033466894],[14.954050164211566,38.43915705916538],[14.89943257219161,38.48570089655674],[14.912532147289745,38.518367819780856],[14.957234872206795,38.522889695739075],[14.960486816592745,38.523386503891075]]],[[[14.36187562283207,38.55433602305283],[14.359964209373457,38.5322672332883],[14.342751121940774,38.53308835862096],[14.340292241668324,38.54824602875103],[14.361125065071228,38.55453019301839],[14.36187562283207,38.55433602305283]]],[[[14.553199311624972,38.58584053197426],[14.576208890124564,38.58089747156844],[14.593256093219718,38.5557876726709],[14.553732644428173,38.56041549645379],[14.539350849966235,38.57754998506571],[14.546843122329816,38.58555474856888],[14.553199311624972,38.58584053197426]]],[[[15.063816850405487,38.62460710253102],[15.063805274384409,38.62450796150677],[15.063228180232246,38.624238310571386],[15.062992197779444,38.624174968290525],[15.06238896166695,38.624022099859054],[15.062303428359742,38.62403302516626],[15.062232946696605,38.624042028134134],[15.062178512424772,38.62406067433887],[15.062127848023838,38.6242925874588],[15.06226845308895,38.62439392653623],[15.06246690017426,38.6244816488413],[15.062662223492191,38.624517593247795],[15.063544060866247,38.62466131294825],[15.063676151607126,38.62465223033167],[15.063816850405487,38.62460710253102]]],[[[15.106595560853544,38.634718807446085],[15.106477743926677,38.63468286086967],[15.106426130658523,38.63474598903036],[15.10647233381076,38.63491267417667],[15.1065906844582,38.63530007771607],[15.106639584856346,38.63534057468111],[15.106720039149074,38.63536303178885],[15.106797911097138,38.63538234430999],[15.106901062283008,38.63540792426903],[15.10694123872044,38.63537634475063],[15.106926533282321,38.63514657198434],[15.10666551095802,38.63479328603055],[15.106617821050026,38.634742030182565],[15.106595560853544,38.634718807446085]]],[[[15.111262795648935,38.6371090442187],[15.111147268972298,38.63707964386358],[15.111019859501887,38.637120861604274],[15.110655520454673,38.63741408394073],[15.110543671956677,38.63754035489968],[15.110196818442185,38.63799577304259],[15.11012364816156,38.63811961625224],[15.110089001335073,38.63830271519941],[15.110132531319909,38.638396676831846],[15.110218712820208,38.638498533480536],[15.110370957284209,38.63851452307307],[15.111069280963967,38.638096822741744],[15.111211566165275,38.63798552097546],[15.111349123519886,38.63781874589323],[15.111468016456762,38.6375845662387],[15.111262795648935,38.6371090442187]]],[[[15.097619902231708,38.64033938159263],[15.097911575190787,38.64029572599305],[15.098070345467022,38.64019940757335],[15.09816458545549,38.6400931642005],[15.09820841347069,38.640019428132966],[15.09823647293503,38.63915477567339],[15.098238185153994,38.638975174875654],[15.098188044427095,38.63887611779856],[15.098136184299316,38.63877704175087],[15.098003961249386,38.638714061573225],[15.09712487536832,38.638647206201526],[15.09673267476911,38.63865305995382],[15.096045423961222,38.6391031951464],[15.095933491128132,38.6391798886339],[15.09582463643134,38.63940527069017],[15.097037991661372,38.64024237526598],[15.097619902231708,38.64033938159263]]],[[[15.114251104890515,38.64040669289432],[15.114574014584303,38.64027663483204],[15.114993596330825,38.6399450365406],[15.115707204832669,38.63896693239497],[15.115580198883771,38.63881285140801],[15.115162489518442,38.63863234908105],[15.114785626487402,38.638574726034555],[15.11408128531063,38.63851926062721],[15.112674533910505,38.63902978842791],[15.112436574342105,38.63933497791009],[15.112551998538214,38.63953134463312],[15.112885086495341,38.63978773821507],[15.113206577028787,38.63999711052051],[15.11394926531765,38.640411877294135],[15.114251104890515,38.64040669289432]]],[[[15.099581580008728,38.642740265933924],[15.099652825219914,38.64265805946439],[15.10001453053326,38.64215386546884],[15.099861079750665,38.64200589471943],[15.099729550673397,38.64207165926002],[15.099318522239175,38.64271834370223],[15.099499374938803,38.642745745516905],[15.099581580008728,38.642740265933924]]],[[[15.064730863100515,38.64672985567343],[15.064676085202809,38.64651360605631],[15.064611414525686,38.64652856158203],[15.064480769617298,38.646558775277725],[15.063814566208546,38.64689257782181],[15.063607835945055,38.647009843657735],[15.063584892430006,38.647068438142895],[15.063622281903312,38.647104466347365],[15.063650008425153,38.64711867709667],[15.063780347157287,38.64718547914328],[15.064036138016535,38.647279969338086],[15.06419028928191,38.64727642828579],[15.064237213143253,38.647275350338504],[15.064366427122856,38.64718066121851],[15.064730863100515,38.64672985567343]]],[[[15.072865804957539,38.64666285082458],[15.075231336257417,38.6312961373616],[15.055856963514286,38.6254153058328],[15.07001376336247,38.64739455527502],[15.072865804957539,38.64666285082458]]],[[[15.108595210857741,38.66497533243354],[15.108714892396954,38.66491419755439],[15.109133869075398,38.664323583565555],[15.108886320319519,38.6642652073845],[15.108771381530884,38.664265315151326],[15.108636626666057,38.664291208892635],[15.108530090870422,38.66431960864871],[15.107967362982073,38.664635531689456],[15.107806583367976,38.664725795849456],[15.107675887768181,38.664827055933145],[15.107597415130746,38.6649657476077],[15.107838724346935,38.66499744804514],[15.1079967761659,38.6649972927284],[15.108595210857741,38.66497533243354]]],[[[15.114320251702885,38.66599159694809],[15.114763357632786,38.665923362451764],[15.117835645154576,38.66457616876464],[15.118108237130071,38.66311200841752],[15.118132782463666,38.662009090643394],[15.117955959749066,38.661072036506525],[15.117761334061193,38.66099524408356],[15.11765979581776,38.6609551812517],[15.112163901708767,38.66157338119776],[15.1102712220078,38.66205979198287],[15.109617823489957,38.66333309866898],[15.110413179043714,38.66432993670962],[15.112641483594722,38.665335769221706],[15.114320251702885,38.66599159694809]]],[[[15.221400721905823,38.81195274217498],[15.243165100033307,38.80341677851969],[15.226875837606483,38.77722850834124],[15.189583561917065,38.7858471895952],[15.221111593114854,38.812021590683244],[15.221400721905823,38.81195274217498]]],[[[15.25254607157081,38.81747829023293],[15.252606012476061,38.81739265869948],[15.252596427039595,38.817267668372516],[15.25258513989411,38.81715877985599],[15.25207670686641,38.81698484232612],[15.251903839251048,38.81697306766806],[15.25178395587601,38.81702444617799],[15.251724014773218,38.8170758245092],[15.25129586059921,38.81752966888749],[15.251235918528188,38.81765811451398],[15.251587005379335,38.817700929927014],[15.251672636596847,38.81768380401303],[15.25254607157081,38.81747829023293]]],[[[14.800708327424513,38.57897114428808],[14.80058790793411,38.57894438428659],[14.800159753654636,38.57925212067357],[14.800173134366824,38.579426058305785],[14.800427350578744,38.57978731398689],[14.80076184574853,38.57981407289855],[14.801297039138943,38.57959999647741],[14.801430837781169,38.57953309704239],[14.801497736168196,38.57945281763312],[14.801551256299188,38.579372539250905],[14.80149773680019,38.579305640270505],[14.80085550516469,38.579011284091905],[14.800708327424513,38.57897114428808]]],[[[15.224414163745909,38.26795380416316],[15.224440142092906,38.267901847268995],[15.224388185415389,38.26784989004438],[15.224050466106553,38.267784943609136],[15.223673778009315,38.267992771971805],[15.223647799263487,38.2680966854532],[15.223790680794206,38.268239566870385],[15.223946551684442,38.26831750192325],[15.224128401183572,38.26827853424342],[15.224245304595392,38.26818760954573],[15.224362206701835,38.26808369585809],[15.224414163745909,38.26795380416316]]],[[[14.99005940073302,38.160822206001804],[14.989948636596337,38.16078311224956],[14.989635890336565,38.16080265939024],[14.989564219067525,38.16089387707148],[14.989564218963034,38.16098509497513],[14.98977923220362,38.16121313933021],[14.989876965881884,38.16121965416654],[14.990000761248988,38.161200108193114],[14.990105010528051,38.16099161018665],[14.990131072112092,38.16088736140328],[14.99005940073302,38.160822206001804]]],[[[15.300782105142748,37.85073729834842],[15.300914927669796,37.85072129788108],[15.301250578645103,37.850583147867866],[15.301498362059256,37.85035437382117],[15.3015204615083,37.85027431516781],[15.301577611125476,37.85005447951546],[15.301562451632956,37.84992305028025],[15.301376151977813,37.84967990846117],[15.301247920492317,37.84956350174548],[15.301165725541061,37.849502570349884],[15.30097512862402,37.849402519380774],[15.30060488959447,37.84949626376364],[15.300268991296193,37.84964019384719],[15.300086573083169,37.8497547374471],[15.30000430018062,37.849913481438556],[15.299878825103576,37.85023476806469],[15.30004371960011,37.8506518370136],[15.300782105142748,37.85073729834842]]],[[[12.558767455799844,35.51115306762047],[12.56010477358306,35.50894091968058],[12.560013924501686,35.5088565399333],[12.559776028184007,35.50883982400309],[12.559578896425839,35.508869392965636],[12.557693755961832,35.50925354041149],[12.55762660720977,35.509267395135524],[12.557079724878907,35.51003545863397],[12.557027654814496,35.510171548907714],[12.557143301125056,35.51048868892115],[12.557327440358725,35.51071278381804],[12.558338553246976,35.51135965018695],[12.558550716483444,35.51134151199001],[12.55870930404379,35.511206231679346],[12.558767455799844,35.51115306762047]]],[[[12.52835515413317,35.528702604447716],[12.528310144190804,35.52859067444711],[12.52818296883351,35.5286003601863],[12.528044228699734,35.528678928973896],[12.527904729253951,35.52890653223874],[12.527844147406844,35.529021554851866],[12.527944543486715,35.52906629842279],[12.528201233009453,35.52901705737778],[12.528276129618975,35.528979100564314],[12.528371307218729,35.528904787450244],[12.528408749279368,35.52884408615138],[12.528434199046927,35.52879030067239],[12.528404965745034,35.52875777005449],[12.52835515413317,35.528702604447716]]],[[[12.540912715782799,35.52890096124985],[12.62791893973143,35.52040587792642],[12.632176798373546,35.4941595041568],[12.517304676626374,35.520193768634186],[12.53236833772961,35.528673641585684],[12.540912715782799,35.52890096124985]]],[[[12.32111770346479,35.55049538092433],[12.320791913998955,35.55050840531343],[12.32064572735449,35.55057190826039],[12.320436614707088,35.5506627470589],[12.320111387373053,35.55088842890568],[12.319946268927863,35.5512287005787],[12.320071805000293,35.55193001137255],[12.320162424392109,35.552272285865556],[12.320400049140622,35.55300313391814],[12.320663895203456,35.553277162095945],[12.322128982669172,35.55258639662346],[12.322708357951543,35.552078753152045],[12.322734856583226,35.55186303066003],[12.32164056271687,35.55077514722596],[12.321441692758173,35.55061975227541],[12.32111770346479,35.55049538092433]]],[[[12.875432938076619,35.87537604812954],[12.881237598393104,35.85485633271084],[12.856573484781025,35.857014770403524],[12.850179095559948,35.8713726211473],[12.875090463826606,35.87545308524665],[12.875432938076619,35.87537604812954]]],[[[13.857435801639067,37.11265819932375],[13.857516452390835,37.11252383868128],[13.857544033956975,37.11237378888737],[13.85753452400535,37.11222526144711],[13.857474608044356,37.11210263054936],[13.856025201016099,37.11176900102843],[13.855594340668627,37.112823158617566],[13.855750499479992,37.11282589211408],[13.856332372675833,37.11273329200956],[13.857198926209294,37.112775417196005],[13.857341073765324,37.11280505036975],[13.857435801639067,37.11265819932375]]],[[[15.16581127861142,37.55935827955337],[15.165784079164814,37.55931204067022],[15.16549353334892,37.559277833762565],[15.165360405693894,37.559315422299306],[15.165200653544794,37.55947047609417],[15.165105114931388,37.55961300052987],[15.165077579275179,37.5598734344916],[15.165067258915432,37.56003029484537],[15.165120303936275,37.56014769787898],[15.165245099021703,37.56019646553229],[15.16531158850461,37.560208566477],[15.16596623997149,37.55955854147302],[15.165969032484059,37.55946707493949],[15.165920074950787,37.559382758622924],[15.16581127861142,37.55935827955337]]],[[[15.166497965378097,37.56036406232395],[15.1661751496223,37.56035296335832],[15.16583245338728,37.56054952787509],[15.1656862930493,37.56077150693414],[15.165717583915205,37.56087866042567],[15.166046268787765,37.5607745757211],[15.166172264729317,37.5607143180265],[15.166429734173091,37.56056093177378],[15.166561207961882,37.56045136980442],[15.166579709632542,37.56036626531827],[15.166497965378097,37.56036406232395]]],[[[15.166835111619012,37.562007143658974],[15.167026844004203,37.561946884132574],[15.167344572779983,37.56182088868436],[15.167678735287883,37.5615250724801],[15.167684213152334,37.561481247858396],[15.167267879601827,37.560539018739824],[15.166210611285374,37.56082387887789],[15.165980531730563,37.560917006329326],[15.165788798433786,37.561021089499995],[15.165665007859243,37.56111162293794],[15.165599733633705,37.56146690904702],[15.165845134763186,37.562263684477884],[15.166062456311762,37.562359449100676],[15.166404981045172,37.562341489973115],[15.166616337141864,37.56218926994753],[15.166835111619012,37.562007143658974]]],[[[14.932211581870398,36.68581009454922],[14.932083245955008,36.68573999135375],[14.932019584024411,36.685738676451],[14.931941660285664,36.68575156803243],[14.931814998175515,36.68577591081808],[14.931757597178988,36.68579227496479],[14.93172262390911,36.68580978428856],[14.931543742078711,36.685917737076366],[14.93149394473482,36.68603274788584],[14.931565943398219,36.68630001091758],[14.931601982833037,36.68638394422828],[14.93169656849573,36.686460187183336],[14.931826136268336,36.68652991864432],[14.931936933315782,36.68658629925707],[14.932073530337155,36.68659375894329],[14.932368341732518,36.6864300638162],[14.932546893352441,36.686281626952876],[14.93258988409558,36.6862232162643],[14.93263201030305,36.68615360557931],[14.932638659836218,36.68608576700791],[14.932639912840562,36.68601145198895],[14.932603102645189,36.685914283725374],[14.932553020236224,36.68584476602971],[14.932425368200263,36.68582865963914],[14.932211581870398,36.68581009454922]]],[[[15.205087114899698,37.23620301827677],[15.205566155991482,37.23616837981621],[15.205683957456984,37.235958605598285],[15.205624017762121,37.23567927447409],[15.203590728575401,37.23523434578093],[15.203329355054699,37.23551422673858],[15.203708329111981,37.235993572941965],[15.20446516502166,37.23654662086071],[15.204558058166134,37.23650138730102],[15.205087114899698,37.23620301827677]]],[[[15.105563225904298,36.7900350678798],[15.105238049742109,36.790039021312964],[15.104600466455912,36.79058385430702],[15.103822413983911,36.79140977301679],[15.103467556038032,36.79234486246663],[15.104641912909567,36.79296304400289],[15.105118437816653,36.79299802586259],[15.105869427917275,36.79294742336133],[15.106326686509304,36.7925547549776],[15.106336908926504,36.7921255900831],[15.106261133161794,36.791546070528156],[15.106054557411685,36.7909971049198],[15.105752912505832,36.79036969156649],[15.105563225904298,36.7900350678798]]],[[[15.11941751309457,36.738498163218864],[15.119492589398476,36.73832640672033],[15.119434615769634,36.73821152463639],[15.11935953083688,36.73810466917598],[15.11923724409046,36.73801811083748],[15.119134904508496,36.73795909749909],[15.118806043754223,36.73783075647819],[15.118598346565049,36.73787297638324],[15.118439157061884,36.73798019216986],[15.118358900248124,36.73806082841939],[15.118355722642638,36.73811724628054],[15.118365911703878,36.738341723345904],[15.11839916014921,36.738434509445625],[15.118417887162623,36.73848530126411],[15.119092486028332,36.73860122157606],[15.119170801713492,36.738601695678454],[15.119236177600845,36.7385803128563],[15.11941751309457,36.738498163218864]]],[[[15.2635454342191,36.97978047902682],[15.263669135304065,36.97972643125935],[15.26423814138665,36.979458932560156],[15.264877023269086,36.979011291038766],[15.264918997975636,36.978963874077444],[15.264896297862395,36.9788963111577],[15.264853910601154,36.978822032764434],[15.264769429834965,36.978759124441815],[15.264713102021695,36.978718685836206],[15.264648433366776,36.9787008055064],[15.26453320911639,36.97868304132947],[15.264283104818325,36.97865428753922],[15.263738410074579,36.97872312000273],[15.263567181797114,36.97875729349675],[15.262885950002016,36.97896732010136],[15.262845454026085,36.979106379841696],[15.263120732741154,36.97974661334556],[15.263244300118757,36.97980554913216],[15.263472271577584,36.97987086097099],[15.2635454342191,36.97978047902682]]],[[[15.302753076360526,37.044018617306364],[15.302775911871937,37.043986647445195],[15.302785046025956,37.04392727447778],[15.302771344613776,37.04388616979238],[15.302739375075701,37.043845065764685],[15.302469914066592,37.04360300739428],[15.302314631309903,37.04349796360734],[15.302214154333468,37.04352536649915],[15.302168483533952,37.04355733652111],[15.30213194599713,37.043781125825035],[15.302150214750968,37.04384049877608],[15.302493079362712,37.04420510239066],[15.302618503862323,37.044278266984094],[15.302785737136011,37.044246910637995],[15.302789613448034,37.044201301915066],[15.302753076360526,37.044018617306364]]],[[[15.078748220818525,36.64563272487854],[15.078768218238583,36.64538772698936],[15.078278565901039,36.6443563734431],[15.078037651538512,36.64408166902894],[15.077702917291687,36.64410197105772],[15.077148239229274,36.64428588516066],[15.07657971431751,36.64500704106052],[15.076558338417147,36.645102249714],[15.076499410966298,36.64536471786322],[15.076783423289069,36.64578916646774],[15.077308575730006,36.64622812555289],[15.077459432496445,36.646315371944034],[15.077881827930018,36.64655665119364],[15.078694055269018,36.646794631096085],[15.078790447527055,36.64663905198035],[15.078748220818525,36.64563272487854]]],[[[15.151918144367244,36.68929657942712],[15.143619353548075,36.681492630718346],[15.148216635669481,36.68910893816369],[15.151918144367244,36.68929657942712]]]]}},{"type":"Feature","properties":{"reg_name":"Sardegna"},"geometry":{"type":"MultiPolygon","coordinates":[[[[8.337731387701771,40.49931329325829],[8.337443751035044,40.499192464532484],[8.337201600046726,40.499208953295934],[8.336390043299296,40.49997300694168],[8.336653971399356,40.500123496511854],[8.337385065972638,40.49960329911757],[8.337731387701771,40.49931329325829]]],[[[8.153139207613911,40.572066617745854],[8.153297531029843,40.5716776550382],[8.153455845713724,40.57102094905087],[8.15233585427165,40.56961119573525],[8.150098685981948,40.56902299535045],[8.150053674341624,40.57013788090459],[8.15008563097467,40.570576693861454],[8.150390460208367,40.571189129940386],[8.150635195245558,40.57161043860229],[8.152333467926983,40.57213840399985],[8.152883413335198,40.57227869475034],[8.153012172931142,40.57222513684307],[8.153139207613911,40.572066617745854]]],[[[8.300356180937293,40.571723288143666],[8.30031544405834,40.57166448508115],[8.299984053990219,40.571721828330695],[8.299913042429838,40.57173411662869],[8.299534637010748,40.57183692486209],[8.299433121841957,40.572014982687875],[8.299472965654425,40.57215936428064],[8.299969658929877,40.57310309432736],[8.300414000516572,40.5722686673906],[8.300457998795423,40.571872549140316],[8.300356180937293,40.571723288143666]]],[[[8.142511192557027,40.605356272729956],[8.143681708687211,40.60532892328944],[8.143966852683286,40.60521392485402],[8.144174009994726,40.60503528784124],[8.14420587952583,40.60500780511476],[8.144277586474736,40.604945968275345],[8.144595949840387,40.60454293860823],[8.144392127586979,40.60419009213408],[8.14420193053019,40.6039274323816],[8.140325008301454,40.60174332418925],[8.138795064326487,40.601842282106546],[8.138364034756783,40.60200910484813],[8.13773117587341,40.60296985003087],[8.138382017074026,40.603830109609895],[8.139545726830256,40.605253140411286],[8.140276525289805,40.605411728713854],[8.140760979097877,40.60542434255939],[8.142511192557027,40.605356272729956]]],[[[8.367878417460572,40.49643398377335],[8.3377622200579,40.50008508455204],[8.309434183426863,40.56067706170637],[8.317135585927243,40.57176218909867],[8.295039954072296,40.5929808687877],[8.247188019320152,40.58245623321617],[8.243817482675995,40.56986931728778],[8.203268120286268,40.569026947858006],[8.197884980678003,40.576258602819706],[8.219509237660963,40.60101057785833],[8.19573818746149,40.61835444635657],[8.162953492773786,40.580970035521695],[8.16440083137777,40.56032020541769],[8.149821299575166,40.585532118232344],[8.143596424610003,40.623674150283016],[8.186549432019834,40.63907317662779],[8.204720486657163,40.680478134029784],[8.133117695257415,40.731175134455476],[8.165965708896628,40.76719855549523],[8.16061764446862,40.7908875021464],[8.218602035572657,40.86951055599193],[8.221825485556703,40.89204843448369],[8.175926813116975,40.93519851218538],[8.201714461696392,40.97272757813859],[8.236379938064164,40.94934313992233],[8.227563470196788,40.93857481021075],[8.238567529693851,40.9029745237249],[8.301554689659069,40.851163046894975],[8.343139899481836,40.84145142305114],[8.384723726323775,40.85115963321961],[8.35222541815727,40.850503894996976],[8.348108916435123,40.840587796795965],[8.41753935786614,40.83993230340577],[8.451894413375868,40.820908306751065],[8.49596187490341,40.820585633982034],[8.591318717145088,40.842870012426324],[8.632996566592292,40.88232498262037],[8.699771259297487,40.9147858956888],[8.79039330143494,40.92244423497772],[8.86603949390856,40.98735852270949],[8.869355482290064,41.014539385776516],[8.888243340997635,41.01728028348411],[8.88221068425553,41.02821803077949],[8.92939036857962,41.043436388098264],[9.011882558649344,41.12379110237128],[9.046330495356083,41.13808254242959],[9.060513277276216,41.12751593183756],[9.107724243932221,41.13394737606165],[9.1205830885845,41.1551843678873],[9.159092919304202,41.16086903441555],[9.171247032526837,41.17514326456782],[9.154112458266662,41.19724726771766],[9.167079163684285,41.228991924477846],[9.143590228379777,41.232436442693555],[9.144239626044037,41.24694718253909],[9.16537150547613,41.23641569181586],[9.235319859291799,41.258219594286295],[9.237012665965763,41.246039875157244],[9.279538971291124,41.22881467075708],[9.276717529159251,41.19317158533755],[9.287857078060854,41.21941957033653],[9.298525160239537,41.20355721325185],[9.290042890734885,41.193320827222244],[9.315383181352464,41.191979232118975],[9.320340314660342,41.20306622218494],[9.331867549903825,41.18532415623944],[9.341835626129672,41.20592296036224],[9.363314234575567,41.20757949731655],[9.37023831963949,41.18324348533831],[9.423275853842483,41.17720567131042],[9.40556454856245,41.157072198085],[9.429612348928746,41.15495566003809],[9.443482787812291,41.13518890351241],[9.441022052995232,41.104577183186684],[9.470549171426276,41.128217487753254],[9.4666628041932,41.142979256926274],[9.51888948760754,41.14262972867643],[9.512043862912979,41.15146419837125],[9.521682178210861,41.15670995143385],[9.537191853335354,41.13982544637908],[9.526000812908368,41.13427980511779],[9.545791577374656,41.13368667343122],[9.540415207908897,41.11444407717376],[9.566883601534693,41.11577703862528],[9.561584439162182,41.08411663720181],[9.535212344672784,41.082486592065926],[9.52893565448023,41.06873684562096],[9.54118838973761,41.06498666789057],[9.505282252936711,41.009111519910775],[9.56105117325766,41.037669405416175],[9.555479564561104,41.00377197126922],[9.576868771822134,41.00289451187334],[9.594203229438325,41.021748156843806],[9.66436587562799,40.99444895756789],[9.64665720876429,40.985352513350925],[9.611198799461635,41.00316195165314],[9.584835116486476,40.986385331031414],[9.593864873171038,40.96789210223835],[9.568151994721743,40.942435646040025],[9.57499466361415,40.92820591902299],[9.527075525685833,40.93343672776152],[9.508235612658202,40.92869064542128],[9.524310167215047,40.922268127452234],[9.502253369471138,40.9133078842034],[9.561133844722816,40.92079190231103],[9.588661225907286,40.89961463021891],[9.612382181730256,40.919270948222085],[9.644134756008892,40.920022419270374],[9.61774304337693,40.88942056135867],[9.642556982103331,40.87309089818904],[9.654240458805573,40.879595088686294],[9.66517665771472,40.85328575308123],[9.681302520271005,40.861136956650576],[9.70421110927273,40.842568381931166],[9.72724655486341,40.84333417071924],[9.68585531129441,40.83531601844902],[9.691813731485288,40.811173348145196],[9.673692952733136,40.80446176298341],[9.671389936840471,40.78466627838275],[9.717739850637626,40.75054881217841],[9.715772523494012,40.70893562210179],[9.750410575253383,40.677837212636334],[9.741954503784248,40.63449204248938],[9.751756310546464,40.60086775538093],[9.79076985623023,40.569807081484456],[9.795767276382904,40.5447370035668],[9.828385717717822,40.528443430451084],[9.764403214363433,40.39087322439055],[9.682307947884848,40.33696992340587],[9.623866062271759,40.252303492816964],[9.629705876789156,40.190452850935046],[9.656564305049354,40.1423282137386],[9.735683263805782,40.07748709545208],[9.687096001655544,39.98398573869173],[9.687172372055198,39.9478940111348],[9.715939634825803,39.92976471437183],[9.6821175797585,39.900507877818804],[9.68257690509307,39.87001152334426],[9.696731372046472,39.85343487301735],[9.67006327063089,39.7857204126241],[9.676489878379464,39.71089105841983],[9.659982830939395,39.697434901440296],[9.64719245831229,39.651699400845004],[9.657624364452763,39.58022589239458],[9.631919707497238,39.50367970624457],[9.645458549337436,39.46111392728725],[9.59804428727604,39.352060349801874],[9.603883605819394,39.320483416619076],[9.633926779875011,39.298987928846024],[9.606807822146768,39.294071783786315],[9.581955054428299,39.26478981778048],[9.562983647204785,39.19849963405169],[9.578899255978591,39.17558637988633],[9.561560048081638,39.13846947525561],[9.520949180651154,39.117644429805246],[9.523785248493677,39.09467151143273],[9.502488534078806,39.10984078425545],[9.502717218880598,39.13123872531575],[9.437654463698625,39.12201483860557],[9.321633298298714,39.20411123415863],[9.212951515329609,39.227327198986025],[9.167159820060307,39.20583579188276],[9.160781683955207,39.18179953069816],[9.110880199576437,39.21357095874294],[9.039252284162973,39.17337642864007],[9.008859389796799,39.123093251028884],[9.016612905965554,39.08655286078834],[9.053933654393372,39.08522357057807],[9.025151693597186,39.081054754224546],[9.045710245417702,39.05597031546156],[9.024376920492942,39.02017570686072],[9.026962534145694,39.00075536862604],[8.855197384162482,38.875838082220746],[8.834600407215769,38.876695783055325],[8.805982696730025,38.89965765854871],[8.80051796302711,38.884122582176836],[8.78181092445126,38.911617074639416],[8.720299792182944,38.936500349377404],[8.681644912605345,38.90934802500294],[8.664116832426231,38.91250703686252],[8.670257169085595,38.89716249485691],[8.648347871798206,38.89037479236003],[8.657989735219784,38.870646990414805],[8.640106327771496,38.86496672452217],[8.64638733485728,38.894223502972416],[8.607661576038955,38.89337214241712],[8.619025093775114,38.9487395276086],[8.603365167065776,38.963007444424804],[8.586802013825293,38.95565233039549],[8.566149879416843,38.9970750188096],[8.574931206870474,39.03206322338335],[8.530718193288799,39.059338499181315],[8.468334696871583,39.05524460265652],[8.441942436672282,38.968125063629635],[8.404537097309136,38.960998752353916],[8.363886305702348,39.0318970456959],[8.350745767605632,39.09750965804181],[8.369983080226639,39.114074241603525],[8.380379124980493,39.09964471678729],[8.42617716700443,39.10910184805395],[8.456489579869865,39.08374325962263],[8.466584764245816,39.05741744860518],[8.488458240601188,39.08473831875302],[8.466455476409168,39.11870596773099],[8.439759139213123,39.11496848197037],[8.43652992256719,39.156498922313205],[8.41400195002121,39.17214032661126],[8.411360459678402,39.14950602711364],[8.39940060483364,39.19410533436233],[8.368601492081098,39.216389765822655],[8.366983051368836,39.22832424875446],[8.43678662678752,39.28993414483303],[8.42037472040804,39.33259140510282],[8.39574306654076,39.33950549743009],[8.373212900621098,39.37398511228678],[8.41269157510497,39.42809229101057],[8.410899528019709,39.44118452147382],[8.382222094447325,39.45667793846154],[8.450391735141203,39.54467350376894],[8.47057267009383,39.598937255898925],[8.450275212049007,39.63346158216406],[8.456656843995876,39.67011698860065],[8.44476771034193,39.677742908388204],[8.455293568675211,39.71048489237872],[8.443971174367821,39.75810348149062],[8.459836977457124,39.76846072932792],[8.499070829628284,39.71732512661714],[8.488581919076653,39.715591854412764],[8.502926184590146,39.71416072833198],[8.521079031715063,39.74601449937097],[8.511879870886881,39.75308399228231],[8.545365731481379,39.795188702423815],[8.555538297371314,39.84859409916407],[8.545824965115703,39.86034277441043],[8.56949229489496,39.86374150977576],[8.544242381846818,39.8660114592423],[8.529665017699507,39.89886181184031],[8.49185538502313,39.9096221667143],[8.466458370695156,39.903620184188654],[8.435495543121949,39.85796674446382],[8.432121885087259,39.88696675364583],[8.398807794738897,39.90374080965107],[8.393885873559732,39.97991201695432],[8.41408205584309,40.01699896285381],[8.401880276896689,40.03253113069424],[8.37724235997216,40.035730469802125],[8.39912464880213,40.05127481263099],[8.412423196522822,40.04119823612126],[8.453700202385427,40.05080622233844],[8.49277673783523,40.086553640920044],[8.456158519437768,40.177030839263935],[8.483784860136177,40.27440471270178],[8.459433471208524,40.31825639483856],[8.382641712430052,40.3389978059563],[8.3793162688489,40.36019914200607],[8.4015264950331,40.40909571967604],[8.369505504518743,40.49532577136412],[8.367878417460572,40.49643398377335]]],[[[8.710547840517961,40.91943516694938],[8.710710693057335,40.91915831752784],[8.71072046429954,40.9190687485998],[8.71058591326849,40.918983250566896],[8.710363122052575,40.91901084141001],[8.7102396377214,40.91908710217017],[8.710185614078158,40.91913014703526],[8.710130937057118,40.91918763061609],[8.710095109468222,40.91930488511075],[8.710082080781364,40.919363512022784],[8.710225391553085,40.9194416809364],[8.710287275872828,40.91945145283538],[8.7105087561702,40.919474251554796],[8.710547840517961,40.91943516694938]]],[[[8.22511667186084,40.966617261978236],[8.224730963089343,40.96657226286521],[8.224520520373275,40.96678322601541],[8.224189823647661,40.967114739504716],[8.224078464615777,40.96723672552471],[8.224036679702154,40.967285988337906],[8.223991097481647,40.96733973056237],[8.223918741508454,40.96742932432553],[8.223769507879465,40.967614111372995],[8.22391650959283,40.96761981142705],[8.223980359348724,40.967622286989496],[8.224209114041445,40.96762382656821],[8.224496178457214,40.96762171327488],[8.224582206459422,40.967604942194],[8.224741621264126,40.96756547843728],[8.22486379464137,40.9675347713413],[8.225106804419479,40.96746073002551],[8.225348321616728,40.967387142086984],[8.225562316726794,40.96725345900667],[8.225694259120464,40.96702238659102],[8.225263537749584,40.966634396175685],[8.22511667186084,40.966617261978236]]],[[[8.21318547683118,40.9720434147789],[8.213316499155288,40.97192907292311],[8.21327830343134,40.97189277962337],[8.212168507255722,40.97139538554177],[8.211983288549577,40.971546131480224],[8.211835055576609,40.97170726326507],[8.211806387696939,40.971738595834026],[8.21178248142364,40.97199966727942],[8.211977587818165,40.97220831403031],[8.212366207696741,40.97226038767172],[8.21318547683118,40.9720434147789]]],[[[8.215422777243166,40.9823661961911],[8.2247618621472,40.969993297626786],[8.213908598412198,40.96946939778435],[8.214230721569013,40.98264907428399],[8.215422777243166,40.9823661961911]]],[[[8.214598496763985,40.98571567729096],[8.214196341882127,40.985545335636075],[8.213841497903578,40.985395234941905],[8.21285491369248,40.98538850151854],[8.212775630277463,40.985433000823306],[8.212567600859133,40.98555769307049],[8.212610368604539,40.98558500962604],[8.212827177170663,40.98572161154408],[8.214598496763985,40.98571567729096]]],[[[8.211726013149685,40.98535376303592],[8.211493260558656,40.98543324447437],[8.211287573192783,40.98548588529937],[8.211034447391839,40.98552919385012],[8.211124957630249,40.98566493448907],[8.21115854147565,40.98571470818285],[8.211220269101506,40.98580521197762],[8.211285822573194,40.98588222880356],[8.211432473941683,40.98604537771849],[8.211804881975304,40.985984867672755],[8.212135717589577,40.98588804063671],[8.212008479817523,40.98566467167411],[8.211726013149685,40.98535376303592]]],[[[8.253016609854615,41.0295069387772],[8.25308012578623,41.02941276642681],[8.253107345658814,41.02937240644267],[8.253277520600093,41.02905034675138],[8.253303968348598,41.028815183646856],[8.25315504004019,41.02830976941183],[8.252470151637986,41.02707573425011],[8.251955474325955,41.02709491515204],[8.251076499047695,41.02829628162944],[8.251511674214,41.02925846258063],[8.252409434928348,41.0296831618071],[8.252667022199935,41.02978392130889],[8.252902838052144,41.029635458350384],[8.252927740468092,41.02960776226826],[8.253016609854615,41.0295069387772]]],[[[8.318602387213172,41.120709138509895],[8.347890765935118,41.08972474061419],[8.33533833755625,41.07940196149785],[8.338964868624304,41.06082135086816],[8.281003234557396,41.0653926339456],[8.23485680508395,41.02410607286805],[8.247678759879262,41.02700402152605],[8.263842922353337,41.000935530973486],[8.258237011571378,40.98857204509234],[8.210287118977787,40.987762581967615],[8.230262552364907,41.02321036990911],[8.220483480064887,41.041023278112014],[8.284242627878644,41.07516842368584],[8.275523228867925,41.10454914411969],[8.304829075854109,41.106326804841316],[8.318330743371964,41.12077171232966],[8.318602387213172,41.120709138509895]]],[[[8.187576398314658,40.824759337709736],[8.187350829724862,40.824684147839754],[8.187219248547262,40.82511648794137],[8.187087666658579,40.825586422519585],[8.187407221413892,40.82575559904166],[8.187933549206493,40.825548827017975],[8.18800873777944,40.825266866982155],[8.188008738305186,40.8249661087102],[8.18785835874114,40.824834526863185],[8.187576398314658,40.824759337709736]]],[[[8.213515694634113,40.87963728242896],[8.213069904899958,40.8793466065207],[8.21270377308721,40.87937951227512],[8.2125215904333,40.879396285136444],[8.212114996081635,40.87965474732495],[8.211729568100527,40.880129550201396],[8.211889462271635,40.88041615475743],[8.212013154427758,40.880611176571435],[8.212218506343559,40.880934623487306],[8.21270177798266,40.88121717896759],[8.213162278964601,40.88141850236128],[8.213529225639725,40.88150207898459],[8.213979248433708,40.88158622154819],[8.214441545195728,40.8816362135108],[8.214720065844778,40.88116788135855],[8.214747726961704,40.881086994969976],[8.214818522600329,40.88087127949567],[8.214800727558274,40.880745043008126],[8.214774563939095,40.880573708925034],[8.213515694634113,40.87963728242896]]],[[[8.17430245274041,40.93972700411032],[8.174361905788196,40.93965086105777],[8.174388067518668,40.93952943859649],[8.174309183171049,40.93918656481808],[8.17417757529205,40.93901446736884],[8.174122161832251,40.938942005763245],[8.173765896625417,40.938933168338735],[8.173611515225218,40.9389293387779],[8.173469477361612,40.939126499278885],[8.17339389206441,40.939234054923745],[8.173531770285086,40.93960888089175],[8.174006802944609,40.9399324029893],[8.17430245274041,40.93972700411032]]],[[[8.207356543914607,40.97122614793727],[8.207806248810884,40.970762508152],[8.207984243585955,40.970340678083566],[8.207900697688666,40.97009580539746],[8.207275196030487,40.96981145659499],[8.20627344170845,40.97016474903119],[8.205588449089563,40.970795101787],[8.205549285498602,40.97108759445238],[8.205678496439898,40.97121459816189],[8.205807707875215,40.97134160172835],[8.20680723305272,40.971470659039134],[8.207083573938332,40.97137126506187],[8.207356543914607,40.97122614793727]]],[[[9.119310325495388,41.158203346663775],[9.119444691218872,41.15835634231182],[9.119599840877537,41.15846878027549],[9.119754776433014,41.158463296483376],[9.119993138224185,41.158454859265944],[9.120168473741037,41.15836361743678],[9.12041991860838,41.157904557280915],[9.120411619921068,41.157678145650046],[9.12004856276023,41.15745806306293],[9.119819823575034,41.15739871697554],[9.119551764540661,41.15739303671175],[9.119073739380642,41.157546013687714],[9.119121969026287,41.157852232750365],[9.119157846061354,41.15791939073584],[9.119177280128937,41.15795576650847],[9.119260199214702,41.158110617192435],[9.119310325495388,41.158203346663775]]],[[[9.119310325495388,41.158203346663775],[9.118836386495099,41.158111956001285],[9.11882609086324,41.158185831226945],[9.118801105943874,41.15837502385035],[9.118908424050954,41.15840193708158],[9.11904257617887,41.158437829571376],[9.11915884260312,41.158469647178364],[9.119206542169362,41.15848269994362],[9.119242201094176,41.15842861510786],[9.119310325495388,41.158203346663775]]],[[[9.766874961278658,40.68518796289752],[9.767022303994379,40.685182068978655],[9.767069453498433,40.68507008949747],[9.767108540692739,40.68494606860638],[9.767090593493295,40.68490120065997],[9.76701880568512,40.684809222259005],[9.76692009796268,40.68478454489443],[9.76661499789802,40.68493709520606],[9.766607181193653,40.684991081658524],[9.766733512645168,40.68516438815836],[9.766874961278658,40.68518796289752]]],[[[9.718319242531425,40.73614888581362],[9.717720017762895,40.73610188732868],[9.717355782511504,40.736172385123986],[9.717203039133869,40.73632512835475],[9.71728528569398,40.73639562531875],[9.71830749239577,40.73681860737048],[9.718424988154819,40.73686560515448],[9.718601229973626,40.7368303566144],[9.71870697627016,40.73646612231598],[9.718742223918705,40.73631337914237],[9.718319242531425,40.73614888581362]]],[[[9.589165661697654,40.95818942673011],[9.588296659105268,40.95769334306171],[9.587873192656847,40.9578027569225],[9.587668191373599,40.95815506652248],[9.587665496777069,40.95826993437806],[9.587664570725794,40.95833299585543],[9.58774218559028,40.958983224590135],[9.588325392431855,40.95915900768276],[9.589294581641107,40.95923450063355],[9.58938086218337,40.95917645644115],[9.58943616807093,40.959121174825796],[9.58979878156638,40.95867479371263],[9.589165661697654,40.95818942673011]]],[[[9.6437917062224,40.982846152404214],[9.645024889774032,40.981920431231195],[9.645493411543931,40.98149886233179],[9.646058358667467,40.980751701515054],[9.646498411414122,40.98004749664857],[9.646507453514914,40.979783207825854],[9.646287028646288,40.97906998080497],[9.646100988239024,40.97888206150985],[9.645640541586568,40.97862001294795],[9.644923802619006,40.97825469167056],[9.644542146360985,40.97812170415315],[9.642945800798483,40.97775227773327],[9.642726023491637,40.97792935939819],[9.642698126961108,40.97795183722695],[9.640459882037005,40.97982897596199],[9.640286127897864,40.98028034706536],[9.640181870737335,40.98078538020054],[9.639948480041062,40.982546876895285],[9.640811316856116,40.98297986457612],[9.641944952410837,40.98297355740704],[9.643051526236576,40.98292158162353],[9.6437917062224,40.982846152404214]]],[[[9.582107763744633,41.06926983383427],[9.582202763188823,41.06924458171864],[9.58479596035812,41.06822593253717],[9.584859653333329,41.06819408195289],[9.584794962747367,41.06811333766275],[9.5842400993796,41.067787360414684],[9.58399518481632,41.06768388398976],[9.583238775156364,41.06744675088985],[9.583188220898371,41.067450274877785],[9.582994926345966,41.06746374895108],[9.580797820671656,41.06731382619852],[9.580624689053264,41.06727416236459],[9.580571062420962,41.06726655049668],[9.580212517363524,41.067437256750146],[9.580129339181804,41.067622339142],[9.580057219156817,41.06788055636278],[9.580036248610382,41.0680337981833],[9.580135139718438,41.06828214644684],[9.58056304085056,41.068722509131426],[9.580991154515065,41.06901761494195],[9.582107763744633,41.06926983383427]]],[[[9.576966774246943,41.068700036096466],[9.57716438049294,41.06866864429762],[9.577271942305108,41.068648886795856],[9.577580301715747,41.0685922437862],[9.578289650733145,41.06821372893624],[9.5785300804596,41.068064886177005],[9.578918038543616,41.06759577753502],[9.5789950419633,41.06738482793585],[9.57907139176315,41.06709956678776],[9.579605354150711,41.06308391821801],[9.578750938445882,41.06237076061792],[9.576267274072658,41.06117622128602],[9.57573306414269,41.061024843383336],[9.575216953638282,41.061001309014046],[9.57487953761591,41.06103339502369],[9.574386050838918,41.06108089529257],[9.5731057596476,41.06123727305892],[9.57070912996653,41.06183331775653],[9.569243316637106,41.06402275773879],[9.569184839101208,41.064142402707716],[9.569245773135393,41.06430762422745],[9.56958521985207,41.06468090538741],[9.569884046374634,41.06482918542404],[9.57007280175411,41.064807494496016],[9.570160490572842,41.06479741661986],[9.570516500547619,41.064676298515515],[9.57209977026493,41.064713488575805],[9.57341055175142,41.065066167894635],[9.57404873774137,41.06557306820406],[9.574689149028071,41.06633443096327],[9.574809998708442,41.06654439008957],[9.574832467078936,41.06690347215955],[9.574781306030127,41.06710302912866],[9.574539882814422,41.067474687280104],[9.576966774246943,41.068700036096466]]],[[[9.586619359429626,41.070830109513466],[9.586869710386063,41.0708738750795],[9.58729955520437,41.07085704700976],[9.587449753166917,41.07084839935038],[9.587648377246413,41.07076406292665],[9.588477369492326,41.06945705111851],[9.58771105113583,41.06877973163225],[9.585503349763169,41.06897338257737],[9.585144520120005,41.0691114513306],[9.584596659400933,41.069409243453975],[9.584390524844565,41.069551658894575],[9.584252477190555,41.069757797731214],[9.584163457437002,41.07005438646065],[9.584144641338249,41.07028193366215],[9.584204621893978,41.070334551964656],[9.585003053983016,41.07077622930217],[9.585841759456784,41.071060391224975],[9.586619359429626,41.070830109513466]]],[[[9.587262087128398,41.074337699974286],[9.587150326000783,41.0743191282806],[9.587004744028626,41.074345767256034],[9.586773676236358,41.074464047964035],[9.58667056455824,41.07458167681774],[9.586594005733675,41.0746732731482],[9.586586179312492,41.07479717286461],[9.586716436675076,41.074887715377244],[9.587156988389587,41.07506788271383],[9.587302802371594,41.07506713962394],[9.587421386229305,41.07501623688568],[9.587594815337408,41.074941791060816],[9.58768013122807,41.07483100819191],[9.587740321798687,41.07473949553385],[9.587705053763727,41.07469463513448],[9.587653031960722,41.07462846693313],[9.587415545436246,41.0743601135318],[9.587262087128398,41.074337699974286]]],[[[9.601395858239178,41.07888026532075],[9.601239322702249,41.07884842803351],[9.601152124999084,41.07886545238444],[9.601112638922432,41.078989838806635],[9.601365196860417,41.07943441568421],[9.601592941308068,41.079442234921196],[9.601856193684089,41.07942734813419],[9.602040303136107,41.079382473025106],[9.602053518688106,41.07919999194755],[9.601982455544976,41.07910787130872],[9.601780836116811,41.07899648511487],[9.601667359536215,41.07895428947346],[9.601395858239178,41.07888026532075]]],[[[9.609724256021133,41.08223700574521],[9.607238945788641,41.071550902587845],[9.596763036696393,41.07602630232253],[9.609632361173245,41.08243791995127],[9.609724256021133,41.08223700574521]]],[[[9.618818415671294,41.08615905178206],[9.61881841503497,41.08611634380792],[9.61878282497444,41.08603092711462],[9.618740116944572,41.085973983384655],[9.618654700705072,41.085924157395084],[9.618462514519516,41.08583162268576],[9.618369979611378,41.085852976525686],[9.61828456339017,41.085917038807494],[9.618099494923724,41.08610210725146],[9.61821338282615,41.086201760155944],[9.618697408623811,41.08634412031795],[9.61879706111005,41.086301412287774],[9.618818415547691,41.08623023234512],[9.618818415671294,41.08615905178206]]],[[[9.579237477935866,41.091952429307575],[9.579176323448555,41.091937423973576],[9.579038328647366,41.09198540970739],[9.578762565706532,41.09210727672939],[9.578644210953044,41.092188538992026],[9.578564320534216,41.0922433919234],[9.578530117031416,41.092585866133305],[9.578662052596753,41.09263867797285],[9.57890698138601,41.092621130483955],[9.579319403221492,41.09246817489486],[9.579555273463736,41.092210261647466],[9.579477619034018,41.09201135043282],[9.579237477935866,41.091952429307575]]],[[[9.58103724971757,41.09351353461446],[9.580819775861311,41.09349428466097],[9.580550082256842,41.09362963738191],[9.580233325574524,41.093829407783794],[9.580212283853474,41.094313691638526],[9.58028372234908,41.09448223058427],[9.58035607363174,41.094585458488716],[9.58054626428601,41.0945484682423],[9.580688906836771,41.09452072535375],[9.581092068859773,41.094329526008515],[9.581226574272083,41.09422300415412],[9.581326936728964,41.09412678754043],[9.581345593672005,41.094094040208766],[9.581469110477174,41.09387722517078],[9.58124113911726,41.09368020060897],[9.58103724971757,41.09351353461446]]],[[[9.56978225335604,41.117641142293536],[9.56982286099341,41.11751595644259],[9.569914844848915,41.11582538900089],[9.569909144069843,41.115770844057224],[9.569896386301545,41.11568810926606],[9.569657581885167,41.11562060522775],[9.569403051540114,41.115628619489385],[9.569173929693166,41.115647767659816],[9.568796468879555,41.11573070291154],[9.568669659128869,41.11578592277955],[9.56847803333893,41.11592481874725],[9.56835575274997,41.116075179095795],[9.568282272092448,41.116187014625446],[9.568217676902487,41.116293176285396],[9.56807693197312,41.117065174564985],[9.568068804513942,41.11715867168447],[9.56816942776085,41.11743179151306],[9.56826131709943,41.11755519732309],[9.568649975540264,41.11773343768196],[9.569348904859933,41.11791002038544],[9.56948061746584,41.1178847217219],[9.569734142757873,41.1177596092373],[9.56978225335604,41.117641142293536]]],[[[9.57107810510343,41.11821235913547],[9.571017989241101,41.11797619910981],[9.570825517387455,41.117586433927904],[9.570559727023118,41.11732652053582],[9.57052702911831,41.117333288027766],[9.570470552101225,41.117344978123214],[9.569995140439463,41.11746556024454],[9.569911423955196,41.11749776001235],[9.569873563417604,41.11757200471379],[9.56970267372656,41.11790839494311],[9.569671134571617,41.11801147622902],[9.569678764622749,41.11807065614463],[9.569739089985783,41.11833158781593],[9.56983891370788,41.1185112521536],[9.570394909123564,41.119098519680456],[9.570542290845959,41.11909559554397],[9.570773039458848,41.11909101691992],[9.570944727076265,41.11897193721061],[9.570985097583627,41.1189176900877],[9.571033035530377,41.118853270550694],[9.571106563220823,41.11874706308203],[9.571134419613362,41.11869700630227],[9.57115494534819,41.118660122212646],[9.571203052832832,41.11854165471233],[9.571179475832,41.118452318643634],[9.57107810510343,41.11821235913547]]],[[[9.566169561326452,41.123121131467244],[9.566770279516307,41.12302134274264],[9.566878355779874,41.12298606899124],[9.566866189276478,41.12274612908604],[9.566603217608256,41.12264157980216],[9.565561726641759,41.122392223555345],[9.564559579921978,41.12238925692505],[9.56450330846483,41.12242556461733],[9.564023748273382,41.12293674491384],[9.564183371376375,41.123318916227106],[9.564220962968145,41.12336151915806],[9.564307672190372,41.12345359566533],[9.564560546337509,41.12354451833075],[9.564709561996583,41.12355729995914],[9.564822610941897,41.123543233781376],[9.566169561326452,41.123121131467244]]],[[[9.570909607815219,41.12814892565772],[9.571320257483638,41.12810747995606],[9.571635071011835,41.12783342966783],[9.571805507227362,41.12684734344507],[9.571804666608761,41.12675051274567],[9.571683943762824,41.126601355135854],[9.571120886353999,41.1260670507007],[9.571024904075786,41.12598870756883],[9.570920534166895,41.12597346088489],[9.570733254815316,41.12601379876178],[9.569213163228904,41.12639289598739],[9.56914528969779,41.12646529426743],[9.569096746397602,41.12659865310485],[9.569235683354371,41.12693100699161],[9.569488779180467,41.127486558203245],[9.569845877277375,41.12792809388327],[9.570094445310414,41.128080899586166],[9.570909607815219,41.12814892565772]]],[[[9.568863359481673,41.12796087444391],[9.568411934586862,41.12690129531172],[9.566640823880583,41.1249361618082],[9.566405623175896,41.12477175079856],[9.565043700911131,41.124320207988454],[9.564692640435027,41.12436193286589],[9.564189863183891,41.124424605588004],[9.5639258688453,41.12454863103208],[9.563794868734416,41.12472717898816],[9.563736543048423,41.12480853536583],[9.56363447246114,41.1249509096322],[9.563533260129548,41.12513043663704],[9.56350378877681,41.12526006965267],[9.563490208105478,41.12531981396722],[9.563521606196232,41.12550882622306],[9.56361041421555,41.12561986466365],[9.565021118140479,41.1268954558265],[9.566621982757011,41.1279389341676],[9.567907525875887,41.12833041074294],[9.568504519009654,41.12848397891274],[9.568863359481673,41.12796087444391]]],[[[9.567816935377392,41.132159217560535],[9.567950548517716,41.131087856921134],[9.567751434070475,41.13078020452283],[9.567206044027577,41.130049873524726],[9.567009185722615,41.130017062707815],[9.566525343844319,41.13020770799386],[9.566445703180047,41.13029795416386],[9.56640155121081,41.130358974179245],[9.566294537733429,41.13055654791449],[9.566265448263788,41.130639889456525],[9.566094172903714,41.13115543243334],[9.566086873467585,41.131345760834556],[9.566123901251517,41.13149533462378],[9.566288585973965,41.13194266912507],[9.566460830617203,41.132056673033304],[9.566884200021716,41.132278661952554],[9.567327216351796,41.13244684612476],[9.567487766922747,41.132499761767654],[9.567541144470868,41.13247247489784],[9.567613591762761,41.13241131505353],[9.567816935377392,41.132159217560535]]],[[[9.501397595750689,41.1539452979982],[9.501546299842003,41.15390974480988],[9.501864443271945,41.15382278450503],[9.50299122461662,41.153730908791196],[9.503632517819206,41.15378916979395],[9.503781220322,41.15375361372839],[9.5039399539735,41.1536662187704],[9.503961445884865,41.15355465225307],[9.503982334085062,41.153364268798654],[9.50395953157941,41.153304691787],[9.50368126693158,41.152762057389666],[9.503373273159761,41.15261702629617],[9.502527968064392,41.15253401649339],[9.502376021787533,41.15253467927576],[9.502288130602402,41.15253506256139],[9.501751850135221,41.152537399779796],[9.5005464159917,41.152896203637695],[9.50021735173349,41.15311382214597],[9.500093595011544,41.15329564273667],[9.500116984473893,41.15343291155506],[9.500164021038099,41.15354530582252],[9.500392603903014,41.15363101459744],[9.501158918148192,41.15390354890653],[9.501194718935322,41.153909811305574],[9.501397595750689,41.1539452979982]]],[[[9.518319630364703,41.16426922299072],[9.518664300435306,41.16414156133495],[9.51876965876835,41.16408704017501],[9.518961077978219,41.16398709064208],[9.51911914937423,41.16381522853471],[9.519175493248273,41.16375191906095],[9.519280128697076,41.16363434516449],[9.519043576311473,41.16349016025699],[9.518665963287937,41.16359657756181],[9.518410727403667,41.163728340711934],[9.517888334402612,41.163992240494785],[9.517627026802701,41.16411019572212],[9.517617992546532,41.16422621254201],[9.517688253659747,41.16431710118358],[9.517978887947352,41.164328181375346],[9.518121833930746,41.16431627854467],[9.518200719950277,41.16430578974669],[9.518319630364703,41.16426922299072]]],[[[9.525575266436947,41.16597486026705],[9.527447223017187,41.16426269149717],[9.527933843638156,41.163569249422956],[9.527597153848495,41.162521235673076],[9.527541654875485,41.162497317985085],[9.527473059874977,41.162467756419886],[9.527011998751297,41.162384292415936],[9.526193032742166,41.16226080043617],[9.524101684267652,41.16195280833569],[9.523047723071729,41.16187990661827],[9.52239212348388,41.161876125850014],[9.522243434698652,41.16196999618585],[9.520416389970878,41.16328391590462],[9.516764566441863,41.16603724709178],[9.516664035893823,41.16613791038618],[9.51659349050816,41.166262084924654],[9.516667326006067,41.16655676070327],[9.516710330161576,41.1666567800934],[9.518103466575447,41.167091906858154],[9.518452551849887,41.16714438365836],[9.525575266436947,41.16597486026705]]],[[[9.459549752234382,41.173915443163196],[9.459383270181942,41.173871776573804],[9.459096085653758,41.17393259824881],[9.459017524126535,41.1739925888809],[9.458930002397487,41.17447711010389],[9.459010287049198,41.174663702848456],[9.459284967545507,41.17473241928831],[9.459402070164437,41.17464299900221],[9.45953074776824,41.174503990623194],[9.459645222079804,41.174038502338625],[9.45960572196751,41.17393056574184],[9.459549752234382,41.173915443163196]]],[[[9.461789405981008,41.17525612043291],[9.46185601814824,41.17500363324796],[9.461933138253771,41.17367798511148],[9.461942320188575,41.17325013298708],[9.46192897055536,41.173084689272315],[9.461878680185757,41.17292610549981],[9.461803035164827,41.172764267006784],[9.461537458071321,41.17271803988569],[9.46113330014083,41.17267236795837],[9.460969448389672,41.17268203176824],[9.4607197631931,41.17271147241772],[9.459760860079376,41.17288728703309],[9.45940562202094,41.17346408140355],[9.459918484985371,41.17436282104975],[9.460004296319472,41.17530717735964],[9.459904854141106,41.17536499909408],[9.459942841788841,41.17546956362783],[9.460082958519031,41.17568744527903],[9.460196552498749,41.17573540815928],[9.460918389822625,41.17602752948097],[9.461145098633514,41.17605477087486],[9.46125822919034,41.17603630202366],[9.461409021802114,41.17586342329987],[9.461517263148071,41.17570760384174],[9.461594913613716,41.17559582051086],[9.461770373667813,41.17532825923464],[9.461789405981008,41.17525612043291]]],[[[9.488240314917396,41.184406989224925],[9.488130969282937,41.18371895591122],[9.48809897959234,41.18363864907604],[9.487993876201454,41.18353437843172],[9.487898391172617,41.183521271104475],[9.487607634579874,41.183504486626745],[9.487540752121713,41.183529541511064],[9.487503626061612,41.183547714477776],[9.487337313263861,41.18363061457467],[9.487229851362887,41.18381122647079],[9.487216332770416,41.18399819592185],[9.487264558458532,41.18407005515519],[9.48824155404622,41.18457381488802],[9.488240314917396,41.184406989224925]]],[[[9.48620583312193,41.183597113980156],[9.486606792462608,41.183400625531284],[9.487219343381156,41.18239366221679],[9.487115960356716,41.18131428441439],[9.48673575209096,41.180558106682774],[9.485940677344265,41.18079341589595],[9.484148580226265,41.18191463366773],[9.483951990519248,41.182338753291425],[9.483924519109527,41.18245371866799],[9.483732551439351,41.18350619033738],[9.483968650109366,41.18417290420524],[9.484416278568485,41.184668705585196],[9.484665892793938,41.18476482372096],[9.484728670438555,41.18478899707323],[9.484880409257668,41.184750074749836],[9.48620583312193,41.183597113980156]]],[[[9.39708339211209,41.19711096200256],[9.397180593294072,41.19697994920451],[9.397468492710445,41.19633377131965],[9.397466678058086,41.19612329353557],[9.397363858519803,41.19599723323852],[9.397306586991453,41.195927134057044],[9.397119660466787,41.19584936497125],[9.396058040639375,41.19577768043175],[9.39598822102982,41.19579441038463],[9.395888075800176,41.195831184437104],[9.395641073616716,41.19622666135013],[9.395596288042034,41.196365802624385],[9.395562795117835,41.196497657334156],[9.395549312857513,41.196659093714906],[9.395574681307417,41.196986291569445],[9.395758840464334,41.19711897401135],[9.396238378441094,41.197286897970386],[9.396356097534465,41.19727861097903],[9.39708339211209,41.19711096200256]]],[[[9.442772419588692,41.202037913293445],[9.443073328521818,41.20176341258794],[9.443185725386328,41.201646735133444],[9.443270770275243,41.20143585027342],[9.443307402095925,41.201341127358255],[9.443226429095693,41.2012716278966],[9.442885198039008,41.201296586367285],[9.442785534585617,41.20132962318783],[9.442699418413262,41.20138174870569],[9.442588431275544,41.201456175986124],[9.441865914027138,41.202149562566326],[9.441824261195329,41.20226224618291],[9.441811542794575,41.20235984407381],[9.441837672086708,41.202482886129964],[9.441912810585851,41.20257155069856],[9.44201335519791,41.20266912469202],[9.44225426847957,41.20257924691886],[9.442391074690269,41.20252692703293],[9.442468678985431,41.20248947137049],[9.442772419588692,41.202037913293445]]],[[[9.419231814339648,41.20761530482529],[9.41903116021661,41.18870534577499],[9.396853820049053,41.19036727545227],[9.415444433783247,41.20780115444021],[9.419231814339648,41.20761530482529]]],[[[9.44680818230871,41.20862054814811],[9.446947707939346,41.20830923772544],[9.446941511083512,41.20805591707006],[9.446610987182998,41.20790631833709],[9.446104566606657,41.207981470187136],[9.44601527780994,41.208006586793104],[9.445979739653712,41.20804275593056],[9.445915683171771,41.20827045104952],[9.445920515343484,41.20832335360909],[9.44680818230871,41.20862054814811]]],[[[9.41780367762238,41.215058540954786],[9.418041904338757,41.21505767729935],[9.41832084816055,41.21464005306561],[9.418889308861129,41.21366852177664],[9.418905917001224,41.21355698985055],[9.418949947458335,41.2125119245492],[9.418858914572516,41.21133110716266],[9.418378854180053,41.21087232728979],[9.418058329575079,41.21064595326053],[9.417928396347895,41.21055418602026],[9.417459224408363,41.21022282328705],[9.417222579299889,41.21005568577538],[9.417173377397171,41.21005586402187],[9.417228308170436,41.21010633433108],[9.417716588848904,41.21055495449751],[9.416763455390853,41.212892556337295],[9.416041943169878,41.214164139362026],[9.417401806239798,41.21502959762245],[9.41780367762238,41.215058540954786]]],[[[9.518671661801903,41.21535674263249],[9.518516361681453,41.21535138783131],[9.518425322914949,41.21536745336313],[9.518344994409544,41.21541029509641],[9.518248601696126,41.21546384644196],[9.518125431674894,41.21556024062843],[9.518109366100902,41.21561914769447],[9.518109365679923,41.21567805454158],[9.51821646936584,41.21590297337386],[9.518259311942305,41.21597259051433],[9.518323573414609,41.21602614301509],[9.518393191963074,41.21602614311074],[9.518580623761446,41.215897618322245],[9.518628820410378,41.21586013128531],[9.51869547853618,41.21580660096322],[9.518689031985822,41.21553463702599],[9.518671661801903,41.21535674263249]]],[[[9.517913576722911,41.21639090770039],[9.517648976076527,41.21618981083727],[9.516902035137768,41.21582369372796],[9.516857118376711,41.21580241701587],[9.516795652804111,41.21579532445339],[9.51674837166547,41.21579768860656],[9.516630168295446,41.215811873069],[9.516561609619885,41.21584497010653],[9.516507236295613,41.215963173614945],[9.516478867115543,41.216043551802336],[9.5165001444414,41.21615229913728],[9.516559246280302,41.21628468635317],[9.516765161179746,41.216363227947745],[9.517643684273859,41.21658142029838],[9.517844780529918,41.216528500332785],[9.517945329134188,41.21649674765372],[9.517913576722911,41.21639090770039]]],[[[9.519414101971,41.217776767288406],[9.519342582963878,41.217704904565416],[9.518916336073977,41.21754506137964],[9.518836414681973,41.217545062082735],[9.518720972114954,41.21757170221347],[9.518490087550926,41.21767826444897],[9.51819704295947,41.21788250781855],[9.518205922901,41.21807787150004],[9.518352291874233,41.2182896538134],[9.518519246951255,41.218280933828225],[9.518773146952984,41.218191846674635],[9.519249766750915,41.217964672576656],[9.519361127429462,41.2178844932669],[9.519414101971,41.217776767288406]]],[[[9.51943854798078,41.21833705143102],[9.519432806504122,41.218210733264385],[9.51938687312803,41.21811886583521],[9.519317971389018,41.2180958985044],[9.519226103779637,41.21807293199649],[9.519157202766069,41.218101639885084],[9.519030885457084,41.21817054102564],[9.51877250708143,41.218314084244554],[9.518663413165887,41.21837724415445],[9.518554320257637,41.218451886258784],[9.518462452581312,41.21853801227876],[9.518491160725107,41.21865284746989],[9.518893083473456,41.21887103392286],[9.519260554900873,41.21897438465677],[9.519340938791384,41.21899160997753],[9.519472999023474,41.21884232450245],[9.519507449685635,41.21875045660011],[9.519536158427314,41.218658589369745],[9.51943854798078,41.21833705143102]]],[[[9.449402550275243,41.2223518461074],[9.449703199372665,41.22226509778506],[9.44993660153588,41.222158344679265],[9.450156158059032,41.22198971713178],[9.450270119486024,41.22186316252782],[9.450223758754682,41.22170987158218],[9.450055111209599,41.22143780542587],[9.449995161300109,41.221341231396266],[9.449884977112658,41.221274856062436],[9.449748369096216,41.22128307248163],[9.448008834863728,41.221573598928565],[9.447878183264722,41.22162139929475],[9.44781836360118,41.22170157484914],[9.447783370569574,41.22175125412698],[9.4473259470858,41.2224668989643],[9.447258512042076,41.22260452976592],[9.44723916718697,41.2226440133572],[9.447207363813801,41.22279163956598],[9.44721432615863,41.2229379892352],[9.447308345258243,41.22294775789475],[9.449402550275243,41.2223518461074]]],[[[9.455622418312622,41.226423130024735],[9.45575500805141,41.22640233767433],[9.455849952812533,41.22611483856169],[9.455995851920735,41.225610201613534],[9.4560223140539,41.22537889690894],[9.455861758871668,41.22495166255368],[9.455700198533506,41.224952302021286],[9.455506655725092,41.225000358982435],[9.455013112797435,41.22522975659031],[9.455030116175903,41.22639169265375],[9.455357097972469,41.226444447171346],[9.455622418312622,41.226423130024735]]],[[[9.338063461774187,41.228236108654905],[9.33788818896486,41.22808574232995],[9.337566752944007,41.22793467922104],[9.337433890163677,41.22791029701374],[9.33732090784659,41.2279815640372],[9.337313942604057,41.228077292058664],[9.337451411697218,41.22870743498475],[9.337721196957473,41.229196442797615],[9.337786605358696,41.229232282380615],[9.337842046996766,41.229262520355725],[9.337942129682498,41.229292628202074],[9.33811971221227,41.22922736381837],[9.338240243997436,41.228968598688425],[9.338063461774187,41.228236108654905]]],[[[9.455476798428784,41.228178532419115],[9.455305053492012,41.22814543221398],[9.455166296403956,41.22816624842285],[9.455043325610966,41.22825568598628],[9.454657778085155,41.228576985542816],[9.454574167184207,41.22869329071359],[9.454633537667256,41.228953155969975],[9.454724863051513,41.229218523999],[9.45482555048641,41.22932802110945],[9.454987775174322,41.22927828839585],[9.455229267343775,41.22904538382129],[9.45557613008546,41.228307626314646],[9.455476798428784,41.228178532419115]]],[[[9.35768770837661,41.245419028149136],[9.357686529491446,41.245202845669475],[9.357671255268768,41.24513758724188],[9.357562759703583,41.24493862774517],[9.357483368747966,41.2448791973727],[9.357376162444519,41.244916687471175],[9.357082867563859,41.245025690493826],[9.35689092786429,41.245118614952254],[9.356848051277003,41.24518968361343],[9.356848755723997,41.24531916810255],[9.356877726356416,41.245434163262814],[9.357243561364847,41.24549584760768],[9.357544881813281,41.2454904084152],[9.35768770837661,41.245419028149136]]],[[[9.471145615919252,41.245181812771335],[9.485502346344598,41.21728409422823],[9.465174341027641,41.18968770365007],[9.48136546902489,41.1848909297729],[9.469996358313995,41.1688476100101],[9.453533779062738,41.19216962591875],[9.435749773389352,41.18740818963021],[9.456356325975369,41.2000121735745],[9.446997499479814,41.21545917191935],[9.469102401915158,41.24526334372023],[9.471145615919252,41.245181812771335]]],[[[9.356756074670297,41.24665598217466],[9.357256503126584,41.246502424344094],[9.35729926357871,41.24640996231243],[9.357290638808657,41.24632681528325],[9.357240051563725,41.246220983421836],[9.356779532231842,41.24575738568567],[9.356728871425636,41.24576880243976],[9.356664865676434,41.245880847347394],[9.356603134470125,41.24623984743956],[9.356611885346558,41.24647740003808],[9.356625960857286,41.246596709279345],[9.356756074670297,41.24665598217466]]],[[[9.397998550482171,41.250104766889095],[9.39807111447949,41.25001556473562],[9.398189765508494,41.249817735517375],[9.398252690607892,41.24969741394],[9.398126468140454,41.24954922234887],[9.398030528664304,41.249442686181865],[9.397711295628122,41.249234260222856],[9.397566371232099,41.24919985542161],[9.397297443521172,41.24913660297064],[9.397193010890692,41.24913696327333],[9.39712803006511,41.24924640722695],[9.397089098674423,41.24946948322235],[9.397089575890785,41.249548299092],[9.397117030138515,41.24964728951248],[9.397349360018195,41.250072104692],[9.397894732313766,41.25025544276514],[9.397998550482171,41.250104766889095]]],[[[9.32440291061804,41.25229145473349],[9.32493315705645,41.25146124597858],[9.325098781721758,41.25116352200937],[9.325337044201857,41.25048726745259],[9.325387467796892,41.250036737206706],[9.325393539043796,41.24982954091139],[9.32536436064626,41.24936121989925],[9.32530100902319,41.249221778455265],[9.325243713441392,41.2491003355244],[9.323307642188537,41.24858333853351],[9.32224200956241,41.24861451942395],[9.32139615315381,41.25033619528843],[9.321612942991585,41.2510381950531],[9.323455766342557,41.251996862991774],[9.32440291061804,41.25229145473349]]],[[[9.3405054237667,41.25301061782393],[9.359908733873352,41.241555658155164],[9.346994832552356,41.22926128458261],[9.333121342333534,41.235649480027725],[9.340208756788778,41.25334478236044],[9.3405054237667,41.25301061782393]]],[[[9.400515489022899,41.25353136847577],[9.400521249942656,41.25300889980757],[9.400421603152516,41.25296776091369],[9.40036768238675,41.25294811141763],[9.398748690872633,41.25250836628947],[9.398604548010416,41.25250288510805],[9.39837679616355,41.2525096536373],[9.398267581001749,41.25264064387021],[9.398184749518624,41.252759157013124],[9.398063519853006,41.25296112422763],[9.398003561072263,41.2531426128478],[9.397951528161771,41.25366524133837],[9.397998716350644,41.25381933611616],[9.399743440058957,41.25415446004918],[9.400130891446826,41.25407654871958],[9.400315129191394,41.253949799842275],[9.400515489022899,41.25353136847577]]],[[[9.413956000038818,41.25421926565091],[9.413963298334126,41.25406599675813],[9.413766238454704,41.25394192261149],[9.413656760941144,41.253912728032574],[9.413364820128056,41.25416817597944],[9.413350223415707,41.254277654349195],[9.41335022384086,41.25441632596478],[9.413459701523324,41.254584191543266],[9.413525387360847,41.254569594496495],[9.413956000038818,41.25421926565091]]],[[[9.421131730737073,41.26833294600065],[9.435640759175028,41.246834925499236],[9.432667336341334,41.22577697325487],[9.446088832716312,41.23375619008648],[9.439562355481812,41.21585069490978],[9.382867000437145,41.21016721049289],[9.377437958362151,41.23399380466283],[9.400544598062572,41.24290774906944],[9.40032546637677,41.258330903270384],[9.41332916067475,41.25073083736057],[9.417449975491003,41.26925050472461],[9.421131730737073,41.26833294600065]]],[[[9.402822325522042,41.27618221819289],[9.403003662277595,41.27605528102115],[9.403067131171833,41.2759555454153],[9.403284736725983,41.27554753544668],[9.403275669822943,41.275429665308266],[9.403194068037783,41.27526646175645],[9.403048996793936,41.27515765854232],[9.402940194364135,41.275193926386315],[9.402804191049283,41.275284595392336],[9.402722589642268,41.27539339846962],[9.402323646326726,41.27602808059335],[9.402323645477901,41.27619128439503],[9.402378047353954,41.27625475312522],[9.402523117654521,41.276309154701096],[9.402822325522042,41.27618221819289]]],[[[9.40343556142968,41.27652460930238],[9.403553441340216,41.276519692268664],[9.40367280108211,41.276486356698],[9.403740872837895,41.27641769853151],[9.40375045742109,41.2763082276454],[9.403598578986552,41.27609391931558],[9.403534027909506,41.276033344003054],[9.403416121141932,41.27603375722218],[9.403319233015994,41.27605436418587],[9.4032075983149,41.276346379277534],[9.40343556142968,41.27652460930238]]],[[[9.363763795314343,41.28363413719891],[9.364233364610886,41.28361013307694],[9.364255640625341,41.283589514070975],[9.364322467385506,41.28352765613021],[9.364314258767275,41.28339369242247],[9.364094205040022,41.28328066638243],[9.363984951756532,41.28322921717848],[9.363676014866908,41.28310383251876],[9.363354472342952,41.28312762037404],[9.363320685341396,41.28322568561761],[9.363293298642553,41.283401422675105],[9.363328204859323,41.28350490097746],[9.363493029857635,41.283618102872225],[9.363538448692008,41.28363484902558],[9.363617177831161,41.2836638756388],[9.363720147006877,41.283659046478135],[9.363763795314343,41.28363413719891]]],[[[9.364768536166425,41.28324640371716],[9.364707044224483,41.28319390398022],[9.364604374230048,41.28325255360538],[9.364570557706234,41.2833449894488],[9.36456490658164,41.283402431881896],[9.364730711463341,41.28369127861863],[9.36485032890347,41.28372746572764],[9.36488172881712,41.28373696488959],[9.364990838154045,41.28376251635446],[9.365196426236025,41.283689802205316],[9.365204905225157,41.28363910750211],[9.365222428264099,41.283534337485264],[9.365015171746622,41.28330755040914],[9.36484775883638,41.28326604453221],[9.364768536166425,41.28324640371716]]],[[[9.365702538829561,41.285432015805846],[9.365627891494665,41.28535005703405],[9.365538272655467,41.28534020879142],[9.365373986216758,41.285324966727636],[9.365048433524752,41.285300665159646],[9.36462008493168,41.28531271936685],[9.36446355058419,41.285349246113626],[9.36438216477867,41.28547786262708],[9.364396062871709,41.28556114048306],[9.364484653968853,41.28565431471367],[9.364677903570215,41.285777558602234],[9.364951417858173,41.28583861934575],[9.36517845572119,41.2858637967104],[9.365431842818365,41.285795435311925],[9.365677129621172,41.28561337602964],[9.365751363768766,41.28554107897091],[9.365764451317563,41.28547910899146],[9.365702538829561,41.285432015805846]]],[[[9.402190490760022,41.28651629807427],[9.402749815469038,41.28522736774366],[9.402840211713357,41.28172193188786],[9.401756880563015,41.28104676153427],[9.400591264210412,41.28053738501232],[9.399835895944586,41.28178773470233],[9.399744686181213,41.28396325320347],[9.399908630128646,41.28465515028676],[9.40075998785377,41.286201513124276],[9.40106902699078,41.286451526416414],[9.40114687603628,41.286488412185534],[9.401308512068436,41.28655653211445],[9.401441463077397,41.2865718321554],[9.402064127017605,41.28660118632603],[9.402190490760022,41.28651629807427]]],[[[9.337185971452758,41.286127164037254],[9.336949308879737,41.285970221894594],[9.336826492811047,41.285890638239714],[9.336660834401902,41.28589787863528],[9.336441606159836,41.285937928528426],[9.336365135971107,41.28604280335708],[9.336356351186906,41.28619602326499],[9.336813264036556,41.286801580420295],[9.33693607601715,41.28688003901688],[9.337110623916848,41.28685926054065],[9.337207484250191,41.28682632370228],[9.337324598937128,41.28668748705366],[9.337389120881584,41.28644296404319],[9.337348830503705,41.2863491112652],[9.337185971452758,41.286127164037254]]],[[[9.366727889437314,41.28723599468899],[9.366936845978115,41.286697119417816],[9.366983137894715,41.28643349652601],[9.366761996321863,41.286129065004516],[9.366514743644826,41.285959832668844],[9.366469098262586,41.28594421439075],[9.366351721451222,41.285904053030244],[9.366048610074772,41.28588925363097],[9.365993386166958,41.285890532662684],[9.365823234332757,41.28589447391309],[9.365461337157583,41.28604537656309],[9.365397313718049,41.28607505050078],[9.365358603040013,41.286092993426266],[9.36526367036132,41.286201386965324],[9.365256665005067,41.28628360415589],[9.365637278532649,41.28707845086742],[9.36588127090927,41.28719815361176],[9.36600088975742,41.287233330622385],[9.366108546707506,41.28726498928497],[9.36645820488371,41.287326930217475],[9.366596888605617,41.287280731930295],[9.366727889437314,41.28723599468899]]],[[[9.400580854662303,41.28742155311449],[9.400948507857077,41.287003667943225],[9.400947763443838,41.28688206667727],[9.400908414272097,41.28679437805619],[9.400802621034472,41.28671958928368],[9.400609157008414,41.28667944581644],[9.400443511256832,41.28668790391763],[9.400068792009034,41.28692678462883],[9.39981539566426,41.28718618586319],[9.400370251974472,41.287402018289505],[9.400513660736543,41.28741840899728],[9.400580854662303,41.28742155311449]]],[[[9.399418262070606,41.28711400886113],[9.399268183925852,41.28709282887358],[9.399174264849117,41.28711342203037],[9.399140795964719,41.2872554093935],[9.399163853025136,41.287364547633786],[9.399330104786792,41.287455173724204],[9.399440832579552,41.28749811690116],[9.399479737393085,41.28751320501744],[9.399591391547013,41.287463274836284],[9.399634523772281,41.287437227805235],[9.399678750213397,41.28734587160369],[9.399684157843533,41.28725352419429],[9.399616653787264,41.28719971198152],[9.399505730516196,41.28712465788633],[9.399418262070606,41.28711400886113]]],[[[9.362186767530245,41.288003264507324],[9.362289751063178,41.28799956254842],[9.362371765863262,41.287983540828755],[9.36254616500124,41.28793682694213],[9.362640692375056,41.287717304560054],[9.362548075450901,41.28747292468011],[9.36250529614858,41.28738545978731],[9.362306844366982,41.287311545270036],[9.362193306678515,41.28729613985033],[9.36198478803283,41.28738124259514],[9.361904993231136,41.28742090244325],[9.3617899203017,41.287505711031336],[9.361785889788642,41.28758679267673],[9.3618280981833,41.2879312042953],[9.36189198823123,41.28798505005154],[9.362146637830275,41.28803491702619],[9.362186767530245,41.288003264507324]]],[[[9.354165052512274,41.288971029143255],[9.34922145146302,41.27592932658274],[9.335063783349906,41.2830178203971],[9.345402612153086,41.28792010823395],[9.354165052512274,41.288971029143255]]],[[[9.334062925452022,41.29486810365907],[9.334083240732358,41.294753196709046],[9.334097301211216,41.29459689474432],[9.334046077424151,41.294492081409196],[9.333943920224282,41.29436739607245],[9.333879667785697,41.29435632274737],[9.333475084750452,41.29435749546218],[9.333439393109524,41.294384622120674],[9.333411250925575,41.29442861644778],[9.33347695202173,41.294598670947764],[9.333607247539744,41.294804119769545],[9.333890020417924,41.29492265182626],[9.333997482762312,41.29491671024129],[9.334062925452022,41.29486810365907]]],[[[9.338253424733306,41.294823213726524],[9.338130440431065,41.294714356888136],[9.337790903572193,41.294591047560765],[9.337738816810196,41.29462317792304],[9.337638098070023,41.29477885626826],[9.337638574158909,41.29487118347068],[9.337854398332823,41.2950282391302],[9.338050172519564,41.2950715222533],[9.338296745516173,41.29511696265709],[9.338336179699795,41.295034088010176],[9.338253424733306,41.294823213726524]]],[[[9.336117044254511,41.29454009982873],[9.336080826515012,41.29446476560783],[9.335877002763153,41.29431223041536],[9.335754502556389,41.29429682419212],[9.335569480566942,41.29428762269361],[9.335372227465243,41.29428104896368],[9.335293160857699,41.294292538977636],[9.33514879126239,41.29437965814118],[9.335098198562576,41.29441245854281],[9.33507782754705,41.294516106143284],[9.335095038107196,41.2945900313483],[9.335420094639,41.29505571618733],[9.33563676966423,41.295211447582965],[9.335766603530022,41.295200935239876],[9.336117044254511,41.29454009982873]]],[[[9.335211310072134,41.295218317117666],[9.335275505923141,41.29521813016707],[9.335254299013934,41.295158516448396],[9.3351229610599,41.29487515635283],[9.334980081793427,41.29463123861267],[9.334782009334663,41.294474179968944],[9.33470274095109,41.29444626212812],[9.33459367599721,41.29443081560633],[9.334269987017066,41.294485801606726],[9.33416136574551,41.29455705304785],[9.334148090933661,41.294596724810404],[9.334127505921838,41.294943355291466],[9.334128060063458,41.29505194758881],[9.334229865537168,41.29510744879678],[9.334778384412095,41.29522520679267],[9.335211310072134,41.295218317117666]]],[[[9.332569239799422,41.295018803684705],[9.332482512652293,41.294992030934],[9.33233175448859,41.29499809610349],[9.332258708497214,41.29501970037792],[9.33218022307895,41.29514603456807],[9.332382483850806,41.29528619603849],[9.332527688273519,41.29536234171671],[9.332642840544974,41.29540029199213],[9.332715771207761,41.29535616841898],[9.332779636499984,41.2952906784863],[9.332786660636545,41.295203958529505],[9.33269940561982,41.29507359917405],[9.332569239799422,41.295018803684705]]],[[[9.405863360891225,41.29601777434545],[9.406945422961948,41.29427997570512],[9.406693198343811,41.29381246776305],[9.40664522112215,41.29377977338046],[9.406556763258514,41.29371949519832],[9.406357740680228,41.29364475801384],[9.406096134064972,41.293589383643564],[9.40433534082078,41.29397052651204],[9.404149423846714,41.29408377532715],[9.403891053701214,41.294553081407265],[9.40366989010495,41.29513485234505],[9.403578813096532,41.296213841149715],[9.403591964462212,41.29640971259398],[9.40387971091516,41.29658660456171],[9.405096071141909,41.296517025337664],[9.405863360891225,41.29601777434545]]],[[[9.39925074783431,41.29867902158577],[9.399765046426575,41.298547751316406],[9.399979316584744,41.29842878129744],[9.400104292733229,41.29835679488747],[9.400150413618919,41.2983302283799],[9.400250053237755,41.29826570181646],[9.400334561691336,41.298168575623],[9.400774350033691,41.29757366477619],[9.400873257131607,41.297389789416435],[9.400972100416514,41.297195779576],[9.402227855092546,41.294544267179866],[9.402036470176938,41.29376802372954],[9.401489521475527,41.29295023366506],[9.401248317487182,41.29271281963878],[9.400671465209033,41.29264010773956],[9.400415850268342,41.29266234910427],[9.398231610682908,41.2931338223182],[9.39696483940348,41.29399054959852],[9.396737468174168,41.2941636048356],[9.39663809846552,41.294272039347995],[9.396497725532214,41.29451256771922],[9.396298449377129,41.2948879834576],[9.396385244010949,41.29516804898217],[9.396501823613221,41.2951893183402],[9.399722372902572,41.29620465294623],[9.399269360860586,41.296834635099415],[9.399002374142048,41.29761247334045],[9.39906199736231,41.298086295546796],[9.399121559695047,41.2985499841837],[9.39925074783431,41.29867902158577]]],[[[9.40108489959121,41.30196044515034],[9.401134961142748,41.30184542297145],[9.401225022306651,41.30119205356202],[9.401212652466116,41.30114142815153],[9.401203580949064,41.30110430375118],[9.40071773676326,41.30100838457854],[9.400375032026417,41.3011240771038],[9.400049089245345,41.30129523044897],[9.399969702283036,41.30149817860411],[9.400226340160135,41.301957803561066],[9.400322201357747,41.30200701278143],[9.400452333915357,41.30204484303376],[9.40083493545457,41.302051352649606],[9.40108489959121,41.30196044515034]]],[[[9.379609609417306,41.30817874936125],[9.384534310269121,41.298253967599486],[9.364971597602587,41.28923903221803],[9.379400739360927,41.308210965035734],[9.379609609417306,41.30817874936125]]],[[[9.341833526946393,41.308546384927716],[9.359205252267243,41.2942204069941],[9.333673935204484,41.301737591586736],[9.34165561763609,41.3087919550015],[9.341833526946393,41.308546384927716]]],[[[9.369711153280184,41.30930681482868],[9.369565197956156,41.308576246783545],[9.36810732560706,41.308763323744344],[9.367964499445824,41.30885723469703],[9.36778315176899,41.3090053149369],[9.367738873840182,41.30909778473061],[9.367739291404195,41.30917209626717],[9.368047948041434,41.30962261862733],[9.36823646097372,41.309686195796594],[9.368894329266647,41.30983159004834],[9.368985279831609,41.309806527287165],[9.369711153280184,41.30930681482868]]],[[[9.37629837840713,41.312736304833415],[9.376537007910677,41.31268253745436],[9.37744311723825,41.31236092434872],[9.37930023542837,41.311577791039674],[9.379974464037318,41.3110937757074],[9.380358735728006,41.30842640399419],[9.38022005786117,41.3083850374555],[9.379735831113615,41.3083145740493],[9.376705456862505,41.30796084752566],[9.376120008607128,41.30794474648897],[9.375726002943296,41.30798206323864],[9.371292662775064,41.30860583229487],[9.371007013021936,41.30871910943668],[9.370763433570675,41.308821005119675],[9.370291916870475,41.309061879884815],[9.370243976226298,41.309122272383846],[9.37018122927347,41.30924646378297],[9.37013473220604,41.309474057564564],[9.370139696005413,41.309559614127565],[9.371180833179475,41.31119452942208],[9.374112860866434,41.31234815090772],[9.375887665759432,41.31272969834244],[9.376131337868394,41.312773940082565],[9.37629837840713,41.312736304833415]]],[[[9.36972795079519,41.313097005853464],[9.369887116033546,41.31295631270659],[9.370014671006084,41.312801647284665],[9.370014339934295,41.31274309814375],[9.369994652650254,41.31269474581128],[9.369930387780043,41.31268594463747],[9.36973484545528,41.312666305519514],[9.369545050488203,41.312677048686766],[9.36926333004761,41.312770281053105],[9.369129660359024,41.31284727453672],[9.369135721797884,41.31307019535933],[9.36914219372577,41.313142235491455],[9.369251447488521,41.31331077898136],[9.369363505623864,41.31332055224587],[9.369472303702695,41.3132819211553],[9.369567662600222,41.31324333220987],[9.36972795079519,41.313097005853464]]],[[[9.708158680364907,40.875478525444265],[9.708226544611787,40.87544320145718],[9.70829980113202,40.87535717333701],[9.707699620354424,40.874998274723964],[9.707477001868497,40.874942212314956],[9.707293544615107,40.874896012182155],[9.707232558453526,40.87488065399313],[9.70722751311907,40.874943742375635],[9.707212919902537,40.875126249740156],[9.707382992404856,40.8756341740963],[9.707697441929152,40.87590812264602],[9.70789770060975,40.87590689372363],[9.707936269175368,40.87590665700095],[9.708094584532953,40.875867399754654],[9.708158680364907,40.875478525444265]]],[[[9.778186487088703,40.87548672012133],[9.778418426091584,40.87538606444731],[9.77848850526781,40.875352969655],[9.778776136956262,40.875167451973866],[9.779104152542677,40.874796525524175],[9.779053618789776,40.874503702086244],[9.778626519857776,40.87342688096684],[9.77843470363596,40.87313501085791],[9.777887642160584,40.87307434810974],[9.777551063662216,40.87329112906885],[9.777401528792748,40.8733922419715],[9.77724637135846,40.87361934414876],[9.77697465955667,40.87435985134513],[9.776958873378375,40.874495081516024],[9.776931511236487,40.874729480222655],[9.776914627140345,40.875254617438706],[9.777465142771867,40.87558166701767],[9.778093133242525,40.87562247374064],[9.778186487088703,40.87548672012133]]],[[[9.729635793015321,40.87635696062227],[9.741899918609217,40.8697150806158],[9.736987148136688,40.85995683563262],[9.710347481627888,40.868878893879725],[9.728039028091704,40.876851244735875],[9.729635793015321,40.87635696062227]]],[[[9.671412908503882,40.87876830600342],[9.671546769889579,40.87875311334004],[9.671657829485824,40.8787326492047],[9.673221579248848,40.87800850075028],[9.673421894959548,40.87785362744873],[9.673356956123788,40.87778759530148],[9.673133965511198,40.87756084988915],[9.672045232969316,40.87699179546888],[9.671794730796258,40.87686601286949],[9.67165360389121,40.876923349514556],[9.67122178725301,40.87712946264199],[9.670235851382529,40.877726804562],[9.670201997132391,40.87780425771867],[9.670151614715424,40.87792029323398],[9.670084563148903,40.878075188459434],[9.670932167383649,40.87856571518711],[9.671412908503882,40.87876830600342]]],[[[9.64089467694157,40.88641158630061],[9.640992946267115,40.8864470726304],[9.641156941679666,40.886220954492096],[9.641193423295746,40.886157694232125],[9.641387084582558,40.885777143974444],[9.64128494751232,40.885033403503215],[9.639559210173864,40.884396643175215],[9.639305632949254,40.88456470240381],[9.639139038154191,40.884736782352775],[9.63911692285958,40.884804043149124],[9.639044573065902,40.88503457915813],[9.639111218185828,40.885330356271886],[9.639459778175729,40.88593535644196],[9.639512441880083,40.886011634399374],[9.640096994932803,40.88647006525887],[9.640352651261896,40.88651726858772],[9.640452238153294,40.886535655647265],[9.640702596114906,40.8864948536652],[9.64089467694157,40.88641158630061]]],[[[9.651070601896237,40.89009639650243],[9.65518670059921,40.88874324159381],[9.655211383704872,40.88868836046297],[9.65535222063893,40.888375214505835],[9.654828174188896,40.88774536137269],[9.654451196313435,40.88758422605109],[9.653595580209048,40.88733459538866],[9.653185291347018,40.88725584479494],[9.649056736422873,40.88672176762451],[9.648201327432117,40.88679413998242],[9.648071317062408,40.88685149427444],[9.64787039386977,40.88694013185308],[9.646973890409694,40.88797323214902],[9.646869454831924,40.888219293168106],[9.646785239789093,40.88856095330024],[9.646890107180955,40.88869774129383],[9.650356204278673,40.8901781231257],[9.651070601896237,40.89009639650243]]],[[[9.668495782421596,40.8935651024284],[9.668323710932466,40.89351205069267],[9.667725237429055,40.8935639360407],[9.667626545492903,40.89359716254678],[9.667536055481886,40.89374744871715],[9.667548820146148,40.89383633106273],[9.667620857275756,40.8939169880259],[9.667949922926564,40.89417632203031],[9.668458179700698,40.89395717945957],[9.668569214642552,40.893784252684846],[9.668582862584035,40.89366594030931],[9.668561576268974,40.893641290835916],[9.668495782421596,40.8935651024284]]],[[[9.674832129277773,40.89649979424117],[9.674584994805686,40.896421292206995],[9.674437820703256,40.89654151219552],[9.674441327974133,40.89675205914614],[9.67457232408328,40.89692695325115],[9.674882300410067,40.897056044883435],[9.675231164775026,40.89692309768645],[9.675203824436698,40.89675547978217],[9.675193181586002,40.896690231841596],[9.674832129277773,40.89649979424117]]],[[[9.584030534144905,40.9054381434284],[9.58429888921463,40.90525909138647],[9.584079895027953,40.90499671006751],[9.582265114133888,40.904134220256466],[9.582206519956229,40.90415083195161],[9.581943495658907,40.90423843040444],[9.581776267700466,40.90443235130242],[9.581752609545894,40.90446449883506],[9.581607353732592,40.904663514551196],[9.581642770207571,40.90480972025345],[9.581987045235703,40.90537730474098],[9.582364638199678,40.905405125142785],[9.583239260755567,40.90560339144334],[9.583489381167622,40.905692208507645],[9.5839281288381,40.905628055602826],[9.584030534144905,40.9054381434284]]],[[[9.50870269977183,40.918188310069915],[9.508831481178722,40.918140698674314],[9.509188146495529,40.917945629331825],[9.509218651390267,40.91782632181141],[9.509219851497292,40.91768156547313],[9.508886589551013,40.917583946017984],[9.508268741974867,40.917541630172096],[9.508033309479227,40.917812914419706],[9.508130449344558,40.918091742444894],[9.508440169331948,40.91821649282306],[9.50870269977183,40.918188310069915]]],[[[9.647946572666047,40.9178604868565],[9.64738486623959,40.91734341766815],[9.647217423036214,40.91722162057562],[9.647176517152872,40.917200337466014],[9.646998138141306,40.917111374470096],[9.646611111317533,40.91714343657958],[9.646375693765501,40.91721508137821],[9.64634851241219,40.917639745604106],[9.646346061478537,40.91767804455527],[9.647308452385742,40.9181838620145],[9.647599210637255,40.918164213852556],[9.648014567556272,40.91798284176055],[9.647946572666047,40.9178604868565]]],[[[9.512544196239991,40.91818698262517],[9.512456549520254,40.91802648903752],[9.51111942023822,40.916781109526234],[9.510701600564987,40.91658632527567],[9.510237159291389,40.91645729121855],[9.510064033433567,40.916416346780814],[9.509340066576602,40.91624674639326],[9.50881904714849,40.91621236187435],[9.508000238122687,40.91628803833426],[9.507755180789548,40.916486122329054],[9.50766188066603,40.916611664052404],[9.507766049627286,40.916721465447395],[9.507849539464042,40.91677064355077],[9.508099192963085,40.91689836188886],[9.511278999266676,40.91798511497544],[9.512544196239991,40.91818698262517]]],[[[9.56614147387823,40.92012437939763],[9.565818603105235,40.92006578952239],[9.565740931204612,40.9201414782028],[9.566237849116687,40.920447974418316],[9.56654904463835,40.920611041086275],[9.566680780474371,40.92062932112887],[9.56680643183322,40.920624890375066],[9.566854109176733,40.92061512163397],[9.56695433020798,40.92057649410011],[9.567026419921547,40.92054324043282],[9.56712612697855,40.920494525079754],[9.567081440307733,40.920395653538314],[9.56614147387823,40.92012437939763]]],[[[9.638228776240885,40.920256817528355],[9.638039963901258,40.920227460329286],[9.637874259574753,40.92059433586926],[9.638114485553585,40.92072137301774],[9.638306124511185,40.92058147493047],[9.638400468939471,40.92051260141436],[9.638411130897609,40.9203864273226],[9.638303512158085,40.92030993649209],[9.638228776240885,40.920256817528355]]],[[[9.63288029735603,40.91989046874293],[9.632753844746574,40.919810125943236],[9.632464507552209,40.91978311191414],[9.631771212976666,40.92025184074236],[9.631998901783371,40.92046679102864],[9.632250344126568,40.920681609719836],[9.632607376709323,40.92076072527863],[9.633111742880903,40.920100357888884],[9.633051149307844,40.920013470529284],[9.63288029735603,40.91989046874293]]],[[[9.641548349232744,40.92013029854259],[9.641388516635212,40.920027593297114],[9.641270430554963,40.920097257991245],[9.641066733851867,40.92021742873057],[9.640952011384483,40.920481556916634],[9.640979671153154,40.92073250724216],[9.641142734838951,40.92086221992118],[9.641265869013491,40.92095626993093],[9.6414866158961,40.920961649716716],[9.641699349475239,40.92037868601649],[9.641651426016205,40.92019728625526],[9.641548349232744,40.92013029854259]]],[[[9.513002648932039,40.92186006080229],[9.513044131922902,40.92153572663297],[9.512839902887992,40.921131447574496],[9.511493855032183,40.920164976872144],[9.510580078344208,40.92057623901752],[9.510563198263597,40.92090797187202],[9.511492531858979,40.921623656272104],[9.51234912516938,40.92197705560965],[9.512748353604836,40.92213468767905],[9.512872639044645,40.92207084980494],[9.513002648932039,40.92186006080229]]],[[[9.641961728990328,40.9215828237768],[9.642240664288261,40.92141349316084],[9.642286737339994,40.92126572684929],[9.642302019726937,40.92115754325472],[9.642173661780287,40.92108619278899],[9.642021716584313,40.92103186313209],[9.641920885134944,40.92104368482661],[9.641387090648346,40.921108587001484],[9.641047239137661,40.921272624044555],[9.641088407034097,40.92138499779409],[9.641961728990328,40.9215828237768]]],[[[9.633165936772699,40.9220458342858],[9.633615240712047,40.92199269478576],[9.633774786640334,40.9219107443809],[9.633916518711462,40.921828891684434],[9.634112626346809,40.92168931201446],[9.634157200218814,40.92138278708526],[9.633669026994951,40.920862994767276],[9.633239299153352,40.92071108941401],[9.633152300883598,40.920849956887736],[9.632939975303051,40.92139060157811],[9.632919856905426,40.921615917276576],[9.632999831062493,40.92176749126739],[9.633064996436476,40.92189099651658],[9.633165936772699,40.9220458342858]]],[[[9.635308055924463,40.92328056336393],[9.635160349048704,40.92320368153509],[9.635041785399553,40.92322460316756],[9.634901827210717,40.92333685040778],[9.634949538280548,40.92351337339031],[9.635090707031287,40.923682626354974],[9.635256401389011,40.923777425731544],[9.635358021110543,40.92375434516882],[9.635371064492642,40.92362815829545],[9.63535843507915,40.92342554340032],[9.635308055924463,40.92328056336393]]],[[[9.735498386251072,40.924163501837626],[9.741631867171362,40.91108035634266],[9.67362737243871,40.89037672538062],[9.736949273785445,40.92714511201014],[9.735498386251072,40.924163501837626]]],[[[9.527321911035692,40.93036304434598],[9.526841060938583,40.92996482273211],[9.525987497583332,40.93012126044442],[9.525920155773829,40.93060216187627],[9.525905594714953,40.93149435734722],[9.525906925663678,40.93175687542072],[9.52620455483688,40.93201515547985],[9.527163203810877,40.93157838151956],[9.52765556368632,40.93121955973682],[9.527321911035692,40.93036304434598]]],[[[9.529645290278264,41.042024777252266],[9.529061777493608,41.04140252358425],[9.528824061497494,41.04143227663378],[9.528734918687839,41.04144343412302],[9.528679965583526,41.04145269434179],[9.528642931743937,41.04147088046137],[9.528597081785833,41.041502618284845],[9.52764084452659,41.042252489651894],[9.52861854837246,41.042326756479966],[9.529645290278264,41.042024777252266]]],[[[9.333876375402578,41.19112841587626],[9.334247442340697,41.19108374214389],[9.334984330892752,41.19071708044729],[9.335274667716723,41.19056586641729],[9.335340069153283,41.19052964523188],[9.335469859040757,41.1902590314655],[9.33511563552302,41.19005024571921],[9.335069859435286,41.190026462876794],[9.334210685991291,41.189744740461315],[9.333785673980536,41.189705438253135],[9.333448789183723,41.18970191014433],[9.333141851307461,41.189725317292876],[9.332772423863455,41.18977142489849],[9.331509985784031,41.19008133312406],[9.331506656760398,41.190563664591416],[9.331663391559857,41.19104221576834],[9.331760978908001,41.191139349940045],[9.33232903692186,41.1911899923542],[9.33341925397883,41.19126913678721],[9.333876375402578,41.19112841587626]]],[[[9.317833219600685,41.20300110536412],[9.31792446241628,41.20293329515006],[9.31814430111696,41.202766042761894],[9.318393408777291,41.20248611115149],[9.318464008767297,41.202287743880554],[9.318377081481371,41.202193402142875],[9.318056836525155,41.202252837492146],[9.31767701505873,41.202324147479544],[9.317355569534097,41.202443937140686],[9.317345655783,41.202552058393515],[9.317302387856595,41.20285393964839],[9.317274692422663,41.20298462963373],[9.317376484281164,41.203069924226305],[9.317502216089148,41.20317316763192],[9.317833219600685,41.20300110536412]]],[[[9.708547665268245,40.827146892055154],[9.708584221362218,40.82674099545978],[9.707461642103613,40.82670284282442],[9.707061468017137,40.82685867778752],[9.70700502557697,40.82690886992976],[9.706935053394766,40.826971180186014],[9.70682389460312,40.82707043219559],[9.706659284558521,40.82721741196211],[9.706656026738232,40.82765364879261],[9.706655892084944,40.827743740906755],[9.707539657670074,40.82888238287402],[9.70831243946386,40.82892268194062],[9.708582364961476,40.82879478596652],[9.708639890434561,40.828767529023814],[9.708547665268245,40.827146892055154]]],[[[9.724797460062906,40.846465856723285],[9.724821706020828,40.84641563493527],[9.724783224531576,40.846286189463974],[9.724683625172064,40.84612711114044],[9.724511593877054,40.846009957723126],[9.724328247385362,40.84590075652252],[9.724186271248541,40.845826203672935],[9.724134586441288,40.84581864580216],[9.72399987977594,40.84583976017499],[9.7239224100913,40.84594271573374],[9.723906395287976,40.84596984135986],[9.724499609758162,40.84638612902618],[9.724797460062906,40.846465856723285]]],[[[9.723948769350423,40.847683405034516],[9.724594698522464,40.84749242754984],[9.72478749425724,40.8473313186411],[9.724712984005263,40.847052529912645],[9.724357832466412,40.846575068292715],[9.72354167146912,40.845701880118405],[9.722819264590504,40.84526725423929],[9.722260695948128,40.84503429468284],[9.722115488089178,40.84504532827102],[9.72176787895976,40.84526032483864],[9.721701368369798,40.84555351140517],[9.721759480729565,40.846126301237014],[9.721820717216026,40.8464687065705],[9.72187153642934,40.84675055158063],[9.722114684852507,40.84692581729271],[9.722384163899081,40.84712006039229],[9.722420013407262,40.84714418912533],[9.72275879537695,40.84737219849285],[9.72291295948657,40.8474759539091],[9.723176571022794,40.84758127511976],[9.72349341503667,40.84767275020993],[9.723948769350423,40.847683405034516]]],[[[9.676954949586202,40.86375460918376],[9.676557423697968,40.86375247969218],[9.676231672785622,40.864682243813206],[9.676260115636246,40.86501538365318],[9.676267034403951,40.86509641741943],[9.676375257936217,40.86509104085805],[9.676883755265322,40.865065774883135],[9.677557539250206,40.86466719967017],[9.677452219776098,40.86411489867484],[9.677359890872335,40.86375677753691],[9.676954949586202,40.86375460918376]]],[[[9.279151484196795,41.23304410414335],[9.27974626617075,41.23299162307642],[9.279824987459653,41.232965382875136],[9.279816240266602,41.23287791439591],[9.279654424834293,41.232663617772964],[9.279562583243672,41.232584896800695],[9.279435754707736,41.23254116251721],[9.279225831045613,41.232479935480484],[9.278540304256333,41.23234586983159],[9.278525190662648,41.232671692768534],[9.278604808292693,41.23276857966855],[9.278959053867379,41.23303098392778],[9.279151484196795,41.23304410414335]]],[[[9.154376017696652,41.245902743487754],[9.154317947896123,41.24569949795866],[9.153534000158954,41.244871997601436],[9.153185578572588,41.24477037478854],[9.153083955467359,41.24485747983985],[9.152880709676769,41.2453220415076],[9.152953297897671,41.24543818240204],[9.154201807045565,41.245975331570904],[9.154376017696652,41.245902743487754]]],[[[9.183687555477611,41.25225063293146],[9.183935218938059,41.252247985598686],[9.184354871853294,41.25186110701209],[9.184683703899143,41.25154305554932],[9.184960102487583,41.25125935048783],[9.185249690294109,41.25067402215139],[9.185302072570751,41.25049702749209],[9.18506510389805,41.24923532813104],[9.184823541906447,41.248751548215644],[9.184477882614653,41.248916493867306],[9.184378095390487,41.248971633967905],[9.184179982050448,41.249088118875214],[9.182840640370689,41.2499009529286],[9.182918688689151,41.25100428127303],[9.183424437848064,41.2520618896082],[9.183687555477611,41.25225063293146]]],[[[9.185770685936033,41.252784677608425],[9.185729333618097,41.25266889183428],[9.185613548406847,41.25267716217872],[9.18550603345048,41.25275159605345],[9.185398519380673,41.25286738119841],[9.185365437284185,41.25296662605135],[9.185406789735733,41.25335533315557],[9.185464682447769,41.253421496149805],[9.185580467907704,41.25349592959284],[9.18577895579277,41.25351247036723],[9.185770685936033,41.252784677608425]]],[[[9.239137278163657,41.25428365792801],[9.239160919550562,41.25422055491546],[9.239300488647968,41.2537968996064],[9.238821058988993,41.25295116520262],[9.238032673443788,41.25250240974947],[9.236712675564231,41.25261772807134],[9.236494831289598,41.253028029394],[9.236916239734278,41.25403715802001],[9.237136868685802,41.254397014331595],[9.237731061393026,41.25490810570589],[9.237862666857382,41.2549922813946],[9.238780799497327,41.25472577870627],[9.238868615654537,41.254667045665094],[9.23904274023385,41.25454507949665],[9.239121223007487,41.25438165052015],[9.239137278163657,41.25428365792801]]],[[[9.239597732250102,41.25616532236973],[9.239441735020304,41.255940453014944],[9.239319659453585,41.25585726551392],[9.238982730271918,41.2556413360995],[9.238916444467808,41.25565329643823],[9.238611390658281,41.25573387260306],[9.238696298296322,41.25610504158718],[9.239219968457755,41.2565506420696],[9.23951605149364,41.25667893481854],[9.239626999533249,41.256552595299624],[9.239706247360962,41.2564623529781],[9.23965649944585,41.25632283612865],[9.239597732250102,41.25616532236973]]],[[[9.241227962067455,41.257215826798365],[9.241620314709975,41.25719698844899],[9.242337550641928,41.25666740090678],[9.24235926605447,41.2564872004818],[9.241835935346833,41.25618879245361],[9.241686671793786,41.25617365114242],[9.24145531276565,41.256150182043875],[9.240732066518957,41.2562620423666],[9.24032113998512,41.25691145887959],[9.240281945261698,41.256989607902995],[9.240310243199195,41.25719522632091],[9.240496834920307,41.257216731142314],[9.24064610813962,41.257233933160535],[9.240952007285903,41.257238923291375],[9.241168319431495,41.257227210622666],[9.241227962067455,41.257215826798365]]],[[[8.864021345778664,41.01563729188057],[8.86402750537233,41.0155337056196],[8.864009883287835,41.01470493564482],[8.863979841906009,41.01413288317967],[8.863875244128145,41.01294818852601],[8.86379577458942,41.01260578516219],[8.8637630720423,41.01255620132815],[8.863679899208146,41.01252007103227],[8.863581859527113,41.01248392218162],[8.863369328201305,41.01246114991798],[8.863205796380246,41.012465700590276],[8.862462383210133,41.01252763294077],[8.862276921949674,41.01259347144842],[8.862139451220386,41.01269389735543],[8.862124492712537,41.01273892054173],[8.861699507298564,41.01485532545191],[8.862592979081523,41.01554101268447],[8.862970174108817,41.015694600401346],[8.863053378523174,41.01571721981285],[8.863145532037654,41.015726337473424],[8.86381143424437,41.01578117453283],[8.86391857207488,41.0157522216623],[8.864021345778664,41.01563729188057]]],[[[9.821468753045398,40.54005114731739],[9.821373139020647,40.539896894413346],[9.820715660847075,40.53914477757795],[9.820605229795275,40.53905617740122],[9.820518737123708,40.53900911973371],[9.817395564009855,40.53781562749334],[9.817239003656349,40.53778694013534],[9.816973322322019,40.5377769013136],[9.81647442761924,40.537857894768024],[9.816360941347753,40.538039529807484],[9.816339295027724,40.538080221535985],[9.816310707779708,40.53815699847554],[9.816296878230443,40.53823367024134],[9.816882810280735,40.53883761973436],[9.816966336609658,40.538909098786775],[9.817188877973477,40.53909022108686],[9.818359553648483,40.53962444323535],[9.819024437482344,40.5399215244924],[9.820723262418985,40.54051755879924],[9.821390849564946,40.54043006865552],[9.821468753045398,40.54005114731739]]],[[[8.376806879507562,40.36075299357226],[8.376964473875805,40.3607448335012],[8.377653982706905,40.36068548271852],[8.377743985438675,40.36066344411642],[8.378036572364532,40.360543395296034],[8.378103218663291,40.360499909741925],[8.37816281511166,40.36042245146543],[8.37817428314258,40.360327917912834],[8.378155348445054,40.36027376118425],[8.378095408640293,40.36022839401786],[8.377689926946468,40.35997846298308],[8.377571104032988,40.35993277779041],[8.377480127338204,40.35990075609532],[8.377203755070179,40.35985872787082],[8.37715051215783,40.35988546770756],[8.376648707199713,40.36018456902176],[8.376604855016723,40.36063028213657],[8.376613106625571,40.360693389782455],[8.376694961087559,40.36075689502784],[8.376806879507562,40.36075299357226]]],[[[8.275929035424637,39.88227901693258],[8.276305653206787,39.88219126993785],[8.276343576884264,39.881921212650866],[8.276346702275173,39.881623909544885],[8.276207044726707,39.88142031805421],[8.276150841760371,39.88134338349627],[8.275730715195209,39.88125967280964],[8.275072120508437,39.88147179291443],[8.274963268756077,39.881813484368045],[8.274998911267517,39.881899299923944],[8.275075900107684,39.88208448233819],[8.275378655902498,39.88234765746845],[8.275716342957358,39.88248671573704],[8.275929035424637,39.88227901693258]]],[[[8.311828190610386,39.99673620529115],[8.29977291835559,39.98495598455388],[8.31116788640413,39.996144238886224],[8.311828190610386,39.99673620529115]]],[[[8.486954038265434,40.09245626817391],[8.487142494247768,40.09235461946315],[8.487232859183942,40.09223226466776],[8.48717003228688,40.09220225576373],[8.486786851564407,40.092264075434414],[8.486554762619045,40.09231822978702],[8.48639197991186,40.09251571833853],[8.486357675779788,40.092642825871046],[8.486343711772427,40.09269456822469],[8.486506889254253,40.09264348743399],[8.486712634846493,40.09257907975502],[8.486954038265434,40.09245626817391]]],[[[8.486798032989814,40.09350856636128],[8.487326839262034,40.093504149950476],[8.487616358927406,40.09349642139822],[8.487853869202196,40.092915231176114],[8.487863553463336,40.09279702394801],[8.487490032930582,40.09274356761803],[8.487329486242203,40.092838706648884],[8.487274989406977,40.09287100269133],[8.487161280852916,40.09297748736373],[8.48703995168257,40.09312222805407],[8.486763086290539,40.09347575174279],[8.486798032989814,40.09350856636128]]],[[[8.485953610246225,40.0942604945202],[8.485920580197442,40.09416800050233],[8.485545277962709,40.09438931988502],[8.485565019751881,40.094571850918484],[8.485579557597893,40.09466651530505],[8.485780320489235,40.09448946817952],[8.485900288936746,40.09433120842305],[8.485953610246225,40.0942604945202]]],[[[8.486535853706082,40.09444552032492],[8.486518915536235,40.09435647640773],[8.486354077901973,40.09443652828645],[8.486262035398884,40.09458620640229],[8.486213266904477,40.09483149879192],[8.486516647214987,40.09465828501675],[8.486545717143558,40.0944973683068],[8.486535853706082,40.09444552032492]]],[[[8.455479794364663,40.21034471373496],[8.455551262997028,40.21040811485263],[8.455708787218013,40.210363809534236],[8.455948999761208,40.210265835333345],[8.456220259771897,40.21001665115845],[8.456383001378358,40.20981290292224],[8.456497416356424,40.209620413642725],[8.456512920278389,40.209430978953726],[8.456485768056199,40.20932715858709],[8.45633730726992,40.20922992019451],[8.456054004382546,40.209081989072466],[8.45596997644645,40.209092320784244],[8.454527943267435,40.20997985864111],[8.454744043733937,40.21050792253096],[8.455479794364663,40.21034471373496]]],[[[8.403792953319241,40.053257189028805],[8.403607252113902,40.05325305557422],[8.403479680522022,40.05326140845844],[8.403270803103336,40.05335042828075],[8.402883481250882,40.053607614704525],[8.402863502867678,40.05364889659155],[8.402871909519419,40.053717765414326],[8.403052833983002,40.054313328151174],[8.403104996649393,40.05438831378752],[8.40329098091793,40.054397443550485],[8.403401724486242,40.05436460794351],[8.403454906508978,40.0543486842658],[8.40350136830877,40.05433354674231],[8.403535673668557,40.054318887195016],[8.403574551504766,40.05430194020515],[8.403602770209492,40.05428599696541],[8.404106473567566,40.05398539835012],[8.404234752477311,40.05389596261121],[8.404256094674134,40.05382992091709],[8.404271286929646,40.05377888827993],[8.404304438581773,40.05363504423403],[8.404211705257238,40.05336397023427],[8.404185830609867,40.05333347921051],[8.404157837854452,40.053300920388196],[8.404046726917874,40.053273336226724],[8.403792953319241,40.053257189028805]]],[[[9.70286140052431,39.97520061520275],[9.703609618586757,39.974934795671714],[9.705069758992924,39.974718701378855],[9.705561757538742,39.97473372706849],[9.7063680504067,39.973602610094545],[9.705522283726854,39.97317262833212],[9.703753430507394,39.97296988851519],[9.703601372991407,39.97298876168308],[9.70340112376351,39.97301700530228],[9.702866163642412,39.973236481963376],[9.702736909635876,39.973336372620174],[9.702465695042907,39.97362632504583],[9.702326798100598,39.97388394204996],[9.702283820197616,39.974118453464826],[9.70228126222117,39.97472661987024],[9.702498853712218,39.97524786162893],[9.70286140052431,39.97520061520275]]],[[[9.707492852982815,39.97575806519614],[9.70745465826668,39.97546098027633],[9.70672039325517,39.97567719956763],[9.706678349824788,39.976267574493555],[9.706687167576924,39.97630355960923],[9.706745586431374,39.97654195916789],[9.707161809659542,39.97630066485176],[9.707240341061135,39.976255137122266],[9.707413577365344,39.976019829097524],[9.70746551732262,39.97584832923441],[9.707492852982815,39.97575806519614]]],[[[9.707895641638503,39.976206088331324],[9.707770711158272,39.97644110211458],[9.707723335895036,39.97653148856561],[9.70773479051331,39.97664854315794],[9.707744869550018,39.97674758851243],[9.707749451570095,39.97679260822235],[9.707855493516739,39.97685502870916],[9.707984677315483,39.976890277696654],[9.708054939037629,39.97688984851738],[9.7082782330824,39.976747933597984],[9.708369067966858,39.97668971722279],[9.708567742758,39.97650831033982],[9.708624271757486,39.976453906456854],[9.707895641638503,39.976206088331324]]],[[[9.671674666806181,39.70411195139693],[9.67156620759141,39.70411195075906],[9.67143364573656,39.70413605279404],[9.671048010481902,39.7046783522944],[9.67090339758744,39.704931425278346],[9.670927499183694,39.70505193639236],[9.671035959133206,39.70511219117759],[9.671325185178285,39.705148344767935],[9.671554156310663,39.7050398846028],[9.671710820864513,39.70488322085714],[9.671927740503081,39.70453373884297],[9.671951842806749,39.704437330432974],[9.671759024745057,39.70420835940716],[9.671674666806181,39.70411195139693]]],[[[8.86576643304748,38.88195453713502],[8.865611227811037,38.8814355339127],[8.865250386456207,38.88125963286171],[8.864859917174096,38.881266811718405],[8.86406895497853,38.881418488747606],[8.863648251594766,38.88192156466534],[8.863783616158614,38.882600772372015],[8.864228374325284,38.88288444981786],[8.865218623169746,38.88257191897321],[8.865638960112145,38.88225958237376],[8.86576643304748,38.88195453713502]]],[[[8.89131836465065,38.8975805420503],[8.891222838432789,38.897203323997104],[8.891058838492096,38.89699027590667],[8.89099590250461,38.89692263172221],[8.890907692613187,38.896854962991604],[8.890739132422114,38.8967962314498],[8.890512859917195,38.89677349071666],[8.890420482810416,38.89685384713849],[8.890276144315523,38.89697940508232],[8.890099920432414,38.8972169162061],[8.890039174881554,38.89734977792783],[8.889842917676978,38.89823721875696],[8.890085017479237,38.89846949151485],[8.89042326264383,38.89848475411972],[8.890735474643016,38.89824256315358],[8.891227705619123,38.89779245165387],[8.89131836465065,38.8975805420503]]],[[[9.62760710370264,39.30849130628596],[9.628038027630012,39.30832226777461],[9.628073077723633,39.30826111450919],[9.628081499341173,39.30822306704774],[9.628035456357518,39.30815269172442],[9.627846236942805,39.30799442894947],[9.627511785480992,39.30773558660792],[9.627419739299174,39.30773078798975],[9.62734155963508,39.30775238732398],[9.62720952437699,39.30784839758026],[9.627192865889473,39.307890843363424],[9.62734184697955,39.308284961130425],[9.627381803220409,39.308378950718605],[9.62742121166977,39.3084562661086],[9.627467804777005,39.308478541014175],[9.62760710370264,39.30849130628596]]],[[[9.024377265625155,38.984697188809584],[9.023789142519663,38.98451849014961],[9.022895634293693,38.984643843274725],[9.022406881379366,38.98472738714003],[9.022063265116088,38.984912233678635],[9.022267757661117,38.985071757544254],[9.022643776036949,38.985174391487114],[9.023208924668122,38.98515043814104],[9.023697665635813,38.98502516553073],[9.024239830563138,38.984798549514586],[9.024377265625155,38.984697188809584]]],[[[9.031729925415135,39.00247195537593],[9.031670738744921,39.00247197145686],[9.031432577889609,39.002546379524254],[9.031369125995125,39.002695082121846],[9.031273952533706,39.002930527456016],[9.031321934866964,39.00371111662818],[9.031464990362958,39.0040208406224],[9.031909755106835,39.00430570198586],[9.032052708131415,39.00438000553923],[9.032307229309108,39.00450384050112],[9.03249740945476,39.004516178290594],[9.03268794119639,39.00445417203415],[9.032880379488143,39.004354994010406],[9.033005441922814,39.00424344414021],[9.033053030200577,39.004131916107696],[9.033082422431256,39.003965199592365],[9.033116381647842,39.00377257413433],[9.03307314199398,39.003514638271064],[9.033068610279763,39.00348760550103],[9.032798374175366,39.002880547346095],[9.032623607015646,39.00268234838849],[9.032067743569588,39.002509034847925],[9.031877172020032,39.00247191523895],[9.031729925415135,39.00247195537593]]],[[[9.658684647617555,39.524360385542266],[9.658655010423923,39.52430198568307],[9.65862184684693,39.52427364025895],[9.6585585190755,39.52424847069405],[9.658503783590316,39.524240183919254],[9.658078016592643,39.52434129524605],[9.658011375992269,39.524368703773234],[9.657974118046617,39.52442748155535],[9.657981814482202,39.524472490137356],[9.65799566808379,39.52455350468159],[9.65799547190875,39.52499501319032],[9.657981439414792,39.525049154287515],[9.657994867975349,39.52508511998993],[9.658032849072763,39.52510292585163],[9.658076477181865,39.52510267887646],[9.658179133808153,39.52503902558536],[9.658297574498171,39.524952755847664],[9.658402885136061,39.5248620560438],[9.658529284922455,39.52469464893474],[9.658661118094491,39.52448666306838],[9.658684647617555,39.524360385542266]]],[[[9.659654289699262,39.524616186927716],[9.659719163587575,39.52456626141654],[9.659748935691262,39.524484999495016],[9.659764506219208,39.524439859882506],[9.65976527838498,39.524367772071386],[9.659741626660747,39.524327360278924],[9.65934312778414,39.52417193963181],[9.659268790614595,39.524154340387895],[9.6591583965368,39.524168482060304],[9.659022976302944,39.52427136776176],[9.658497788804546,39.524789647698796],[9.658476583476352,39.524812082145075],[9.658465115715481,39.524906755700464],[9.658481228331702,39.524944537062254],[9.658536200787683,39.524964919903596],[9.658927260798992,39.52510236460023],[9.658979571939108,39.525097562852764],[9.659037528649,39.52507470821948],[9.659654289699262,39.524616186927716]]],[[[9.536967608775486,39.08092382703464],[9.536955159694761,39.0808067403158],[9.536562154099343,39.08081756055951],[9.536203831674843,39.08082821999449],[9.535900644837982,39.080987271074854],[9.535726420439115,39.08114393120969],[9.535664007791581,39.08129927639735],[9.53572373666459,39.0815873569718],[9.535748001768898,39.08170438952194],[9.535853210656818,39.08185709380941],[9.535935025859619,39.08197386182887],[9.536244015160518,39.08193639664907],[9.536316203801485,39.081927054394725],[9.536515953749145,39.081777452431965],[9.536569116240052,39.081736657641294],[9.536778742198237,39.08155547166027],[9.537001634419212,39.081110505713724],[9.536967608775486,39.08092382703464]]],[[[9.540199714389379,39.083287821283704],[9.540441197151885,39.08311549143031],[9.540017568263695,39.08214425845699],[9.539532684217068,39.08223661362267],[9.539522152415886,39.08237182865467],[9.539307222466544,39.082920860128844],[9.539089271229756,39.08322087131666],[9.539518690046686,39.0834351508797],[9.53971592021359,39.08352434868023],[9.53990350627983,39.08346040314048],[9.540004200587024,39.083423892273835],[9.540094031064367,39.08336310245074],[9.540199714389379,39.083287821283704]]],[[[9.541643957366844,39.083310406738576],[9.541373505597871,39.083133694421555],[9.54106622884907,39.083206473616265],[9.540650755390702,39.08330487860088],[9.54056417242109,39.08336723164842],[9.540022639633314,39.0837572165285],[9.540224800862896,39.08392411174065],[9.540494405100594,39.084027615984304],[9.540656748048193,39.08408994045641],[9.541285249761478,39.08387751725725],[9.541343406899783,39.08381417016241],[9.54145867967947,39.083688606212654],[9.541622994022326,39.083360091543355],[9.541643957366844,39.083310406738576]]],[[[9.536743994188686,39.08497983923195],[9.536884224877976,39.08496884703727],[9.537186789538833,39.08467048856052],[9.537256543102288,39.08459249923246],[9.537273418023076,39.08449876415214],[9.537171356054788,39.08439039958689],[9.537038340061914,39.08439101230035],[9.536604031421879,39.084420657997086],[9.536267440302282,39.084648622326355],[9.536037913037926,39.08487495452907],[9.53631583653894,39.084932248067254],[9.536385308376605,39.08494544522191],[9.536452627996672,39.08495414666506],[9.536547308576367,39.08496272216963],[9.536743994188686,39.08497983923195]]],[[[9.530051973323262,39.08996050390345],[9.533705241113989,39.08232889164576],[9.529313392897159,39.090132094398804],[9.530051973323262,39.08996050390345]]],[[[9.606898738164848,39.14426787815595],[9.604784656016331,39.133680003451886],[9.606524561782797,39.14444578162562],[9.606898738164848,39.14426787815595]]],[[[9.603542899109645,39.14672548548311],[9.603463372845592,39.14672920973235],[9.603272508167079,39.1467381491595],[9.602885778619052,39.14684803390401],[9.602852588789656,39.14685746441466],[9.602675725100363,39.147151234790286],[9.602557762368528,39.14739739339438],[9.602441392785066,39.14783052062403],[9.602654225738892,39.14819211136284],[9.603213675883122,39.1486577868526],[9.603919363307433,39.148630478354],[9.604533400440797,39.14837378690549],[9.605090858058643,39.14792943222923],[9.604872064826365,39.147548728459604],[9.604386189119332,39.14706015267246],[9.604160890208702,39.146932914559066],[9.603542899109645,39.14672548548311]]],[[[9.605922293329273,39.149240711263005],[9.605934450159634,39.14897144555702],[9.605661490113103,39.14851668491634],[9.605177600114459,39.14826126067885],[9.60487947881829,39.148414867534996],[9.604870430256184,39.14883167164645],[9.604995149488264,39.14976027791133],[9.605720273395116,39.150142856365115],[9.605806038479365,39.150022605457586],[9.605971849006623,39.149790121457706],[9.606000515218277,39.149590605351094],[9.605922293329273,39.149240711263005]]],[[[9.605451961297598,39.151243586031526],[9.605442952676894,39.15103638117776],[9.60524744456476,39.15078599009848],[9.60478170848969,39.15085058388218],[9.604494309579287,39.15090614103057],[9.60440043896335,39.15092464991887],[9.60395466326705,39.1515757488858],[9.603936088959884,39.151602878198254],[9.603932134345529,39.15164795288777],[9.603908403585228,39.15199049188682],[9.6039705106003,39.152075773824116],[9.60417414742186,39.1522053772058],[9.604221998970276,39.152218645658124],[9.604290142345423,39.15223631438731],[9.60452064735651,39.1522936896943],[9.604601116162582,39.15223019604372],[9.604783595417938,39.1520850738528],[9.605451961297598,39.151243586031526]]],[[[8.34584398395487,39.07626027952538],[8.345798435396372,39.07622991424609],[8.345669384425968,39.07622991465273],[8.345525149655476,39.076252688196654],[8.345434054725189,39.07632101009547],[8.34525186391185,39.07647283559948],[8.345153177545777,39.07656393079519],[8.345039308568062,39.07671575574965],[8.344993760961458,39.07683721665526],[8.34504690025168,39.07689035542136],[8.345517558767622,39.07660947770306],[8.345623837021966,39.07650320052148],[8.345752888355932,39.076374148360806],[8.34584398395487,39.07626027952538]]],[[[8.208248984219328,39.14731214072351],[8.208140178372524,39.147233558585825],[8.208007193125525,39.14716102148341],[8.207910477720958,39.147154976558525],[8.207837940560278,39.1471670664383],[8.207596149208506,39.14729400631035],[8.207342269650418,39.147523707254024],[8.20729391165941,39.14760228905186],[8.207451075809807,39.14762646831861],[8.2076505530619,39.14765064670304],[8.208031372618102,39.14760228902225],[8.208134133187164,39.14755997529788],[8.20826107414792,39.14746930447832],[8.20826107334398,39.147396767209045],[8.208248984219328,39.14731214072351]]],[[[8.243137306937486,39.166866554647065],[8.243297133367259,39.166804516047335],[8.243489562012453,39.166670603181394],[8.243443397354811,39.16652275025842],[8.242545090647319,39.166096783257466],[8.24236127163951,39.166102623117276],[8.242191925564393,39.166108003535086],[8.241440380625905,39.166433135742516],[8.241593774435444,39.16656591822984],[8.2423605532064,39.16686299113241],[8.242768654064957,39.166972290007244],[8.24303419540623,39.166901927740184],[8.243137306937486,39.166866554647065]]],[[[8.263105131269004,39.175102417344924],[8.263141735135513,39.17497839615672],[8.263059633144422,39.17494183410616],[8.263001045426966,39.174951794595174],[8.262735412529072,39.1750693567765],[8.262495320220205,39.17517566675452],[8.26222060947198,39.17543523035487],[8.262147357828928,39.17564457167658],[8.262106658858121,39.175787362502305],[8.262138332471263,39.17580472890036],[8.262444340867432,39.17583336834326],[8.262523328838297,39.175778556482335],[8.262984460457725,39.17526649837241],[8.263068963557075,39.17515259397426],[8.263105131269004,39.175102417344924]]],[[[8.319420778708583,39.18516508331557],[8.318624078966694,39.18523589272809],[8.31783628621432,39.18573251301928],[8.317849121293518,39.185800169305985],[8.317902390001068,39.18608094482879],[8.318010931362787,39.18653099713854],[8.318137094664344,39.18665955388585],[8.318881993811237,39.18637856769814],[8.319060622489284,39.18628661619045],[8.319171845626483,39.186195599671024],[8.319725161013846,39.1855689713504],[8.319420778708583,39.18516508331557]]],[[[8.309285717920021,39.187785949873906],[8.306114049062069,39.10298355355776],[8.279337121646448,39.09585798758189],[8.247908587801764,39.10847633585538],[8.252187117766747,39.12907020630796],[8.220674359297178,39.145444949873685],[8.22663797455108,39.160928193007145],[8.308341817928282,39.18766117905575],[8.309285717920021,39.187785949873906]]],[[[8.324752366438553,39.19169744275259],[8.324743849284424,39.190167799997965],[8.320337215295108,39.189018792540935],[8.320274067298481,39.1890179456774],[8.318904605580624,39.1893104440409],[8.317615821026601,39.190121764409966],[8.31715364054777,39.19046822751153],[8.317291686562266,39.19160890931568],[8.318821198761318,39.194501335256504],[8.319060223572402,39.194781840521095],[8.319688368267661,39.195389466444894],[8.31995337829418,39.19537749720352],[8.320579782281673,39.19462924769334],[8.324752366438553,39.19169744275259]]],[[[8.432624433277006,39.304678576179],[8.432497470972399,39.3046725310562],[8.432382599902326,39.30472089787128],[8.43193520609995,39.304968777908485],[8.431850564881259,39.30510783216967],[8.43180824388024,39.30518642863937],[8.431808242962513,39.305258978153],[8.431814289407498,39.305331529246516],[8.431941252699511,39.305385941465794],[8.432158902474034,39.30544639972184],[8.432255636433817,39.305440353996666],[8.432376554084875,39.30537989547525],[8.432582113147813,39.30496877797526],[8.432666755107235,39.3047571727519],[8.432624433277006,39.304678576179]]],[[[8.426847787425912,39.312377510181356],[8.427030675064472,39.31233178867453],[8.427188161575286,39.3122809859661],[8.427467571620735,39.31215398112564],[8.427523453700964,39.31206253788193],[8.427508213960172,39.31199141471179],[8.427432010920395,39.31195077345369],[8.427076396763736,39.31197109398421],[8.426578537624355,39.31213874110566],[8.42639057003989,39.31225558511484],[8.426349928615712,39.3123571895798],[8.426390570752421,39.31243847247057],[8.426497254385056,39.31244863241525],[8.426578537704643,39.31244355246358],[8.426690301318683,39.31242323215],[8.426847787425912,39.312377510181356]]],[[[8.424704611615688,39.31599430189398],[8.424508151109173,39.31594305160215],[8.424311691820522,39.31599430217287],[8.424115232414552,39.31608826168793],[8.424046898116302,39.31620784533536],[8.424106691081478,39.316344512938045],[8.424294609014316,39.31634451341979],[8.424499610114845,39.31632742982189],[8.424755861546071,39.31625909623393],[8.424815653527105,39.316139511410945],[8.424704611615688,39.31599430189398]]],[[[8.40009745792244,39.33431332234168],[8.400319409299215,39.334455257981844],[8.400667674593283,39.33460482699111],[8.400868808932099,39.33465970074784],[8.400945695819411,39.33465784380187],[8.401094565229938,39.334633830356715],[8.401178236836813,39.33460159781907],[8.401652461882879,39.33426726286063],[8.401725812124559,39.3341696489927],[8.401778087329033,39.334027123553554],[8.401762434022512,39.33395696025688],[8.40171692615536,39.333850850137786],[8.401694144626225,39.333801174858394],[8.401674205005866,39.333758271338205],[8.401642634088855,39.3337186879515],[8.401560553060058,39.3336495590625],[8.401511482489264,39.33362114909376],[8.401430562739016,39.33358581636668],[8.400507178974124,39.3331879732844],[8.39850832146289,39.33321933585508],[8.39789672714243,39.333673464389115],[8.397741313856306,39.333868643061734],[8.39774307425684,39.334001558788884],[8.398112841447173,39.33468715592995],[8.398222709503198,39.33472939867976],[8.398321401204363,39.33475164098481],[8.398637048060852,39.33478447820727],[8.39868639689219,39.33478022778982],[8.398734364075521,39.33476808581727],[8.40009745792244,39.33431332234168]]],[[[8.369556474092814,39.19959141744946],[8.369566919086079,39.19948696512327],[8.369347570307182,39.199434739126104],[8.36921178253469,39.199445184785915],[8.368699967844975,39.1997167595403],[8.368647742040107,39.19993610909325],[8.369065549759988,39.20013456760317],[8.3692535630546,39.20017634841552],[8.369556473930134,39.20018679344565],[8.369598255245633,39.20014501234906],[8.369556474092814,39.19959141744946]]],[[[8.356685888451198,39.225957156753296],[8.356515345130031,39.22592017208366],[8.356316012756878,39.22602269510066],[8.356189413326977,39.22608957623058],[8.356175512661382,39.22611653207418],[8.35612454617354,39.226215369265255],[8.356103614302137,39.226287339788385],[8.35605868955823,39.226449286581506],[8.355984323729201,39.22698051348105],[8.356013401239794,39.227016717803544],[8.356031574707227,39.2270393446004],[8.356190543046468,39.22723395657573],[8.356481231962826,39.22711842221497],[8.357041802872025,39.226310543932556],[8.357115686968127,39.22614875748491],[8.356988907798643,39.22607669144266],[8.356827552544186,39.22598497172683],[8.356685888451198,39.225957156753296]]],[[[8.355784046756645,39.2273443443338],[8.355761412477415,39.227285648368586],[8.355538865322309,39.227392547063815],[8.355409190987546,39.227455543736006],[8.355319212562325,39.22749946134934],[8.355274450096202,39.22764338691993],[8.355235645974265,39.22776932367364],[8.355184358866014,39.228309688556244],[8.355229671791442,39.2284220735801],[8.35528631459444,39.22856255506705],[8.355357479265265,39.22854042261908],[8.355485326000704,39.22849607565537],[8.355600098184,39.228456161663715],[8.355885879747095,39.22761072601821],[8.355817991391561,39.22743313794091],[8.355784046756645,39.2273443443338]]],[[[8.410408972225026,38.86316791424274],[8.411044123272038,38.86302017866532],[8.412029398168313,38.86234478267186],[8.412179902832248,38.86208871612034],[8.412403410183602,38.861540145716106],[8.412400720121544,38.861463534689335],[8.412394072667567,38.86127426217862],[8.412149168287712,38.86064223223166],[8.411963460010496,38.860379966503324],[8.411127282874723,38.85992518351359],[8.410256393519337,38.85948824220293],[8.408912754436344,38.85925165911842],[8.40851130773204,38.85919105306564],[8.408316420924686,38.85958656706665],[8.408242671411717,38.85979345545606],[8.407828926911332,38.86098987398085],[8.408252642213435,38.86310969929607],[8.408331305334597,38.863353404704284],[8.408925753813849,38.863424000702445],[8.409302150395899,38.863380847704484],[8.409756641807101,38.8633020432358],[8.410408972225026,38.86316791424274]]],[[[8.449623576026655,38.93449007739076],[8.449590525784615,38.93447446975807],[8.44923094366825,38.93453585236881],[8.448140797281917,38.935073784574556],[8.448098549362848,38.935314486652594],[8.448063094913516,38.93598115484293],[8.448131176943619,38.93631489462843],[8.449337839172104,38.93914743513384],[8.449576992037338,38.93942160470836],[8.45020582876026,38.939397535140436],[8.450454451512336,38.939326615025244],[8.45123970377284,38.93793355959969],[8.451329191455057,38.93773766316214],[8.45144508494528,38.93748396027576],[8.451609018006929,38.93661063516957],[8.45162195882689,38.936241233483024],[8.450848739849686,38.935516694319794],[8.449623576026655,38.93449007739076]]],[[[8.450151982262087,38.940767047258994],[8.449967719158842,38.940721072743415],[8.449806303392908,38.94089152605059],[8.449800812150105,38.94094556742857],[8.449779765938391,38.94115272860695],[8.449838182406195,38.94143235341504],[8.450023452648704,38.941721587320785],[8.450288119985451,38.94200218441585],[8.45049518462549,38.94208426074355],[8.45067821826691,38.9421031450001],[8.450889490067189,38.942014026409005],[8.450992396602471,38.94176219421633],[8.450968936905303,38.94143767762065],[8.450836124797908,38.94126583879608],[8.45022540011772,38.940785365341625],[8.450151982262087,38.940767047258994]]],[[[8.462995629107855,39.08131789192057],[8.462874195165991,39.08132296457963],[8.462785562784536,39.081385634313314],[8.46292334713328,39.08177825038864],[8.463104194089777,39.08205730062583],[8.463200156702603,39.08217150638135],[8.463337978267084,39.082292663979416],[8.463441416003269,39.08237424032933],[8.463500858833198,39.082412810320285],[8.463644986392067,39.08240108304188],[8.463733286715192,39.08238234138607],[8.463864160736454,39.08227593673081],[8.46386497918307,39.082167807619314],[8.462995629107855,39.08131789192057]]],[[[8.43784163771744,39.10505158034709],[8.437407430008488,39.10493346875662],[8.43732406726762,39.104933066449256],[8.437190302191981,39.10496846519537],[8.437086740152587,39.10508398227503],[8.437051132441274,39.10519870102196],[8.437174769168811,39.10546737560539],[8.437254872708872,39.10557476824665],[8.43749349426036,39.105746003500926],[8.437593185023976,39.10579705837595],[8.43772126887999,39.10582707491581],[8.437882834841808,39.10579845530547],[8.438031267761907,39.10574859697344],[8.438192304906575,39.10567728518033],[8.438353690335845,39.10556204570822],[8.43837586648871,39.105500201198865],[8.43784163771744,39.10505158034709]]],[[[8.82540356545015,38.8816350334094],[8.825560930651438,38.88152037245449],[8.825534032034051,38.88132320681381],[8.825482404773227,38.8812848306606],[8.825370040494292,38.88120130691475],[8.824789679852003,38.88103147317787],[8.824435078940613,38.88106473295541],[8.824452040015267,38.881199930535416],[8.824546839582478,38.88132848643482],[8.824715695330832,38.88142504805222],[8.824945300723261,38.88162758870528],[8.824884656276506,38.881674808321556],[8.824901454525863,38.88174005356736],[8.825212855680578,38.881830747126344],[8.825314102510893,38.88174121856726],[8.82540356545015,38.8816350334094]]],[[[8.827609069771347,38.88200263095249],[8.827681252855301,38.881950438166186],[8.82779531792083,38.88186161845496],[8.827821389206195,38.8818075886099],[8.827818299182384,38.881738871125734],[8.827813182697017,38.88162509389508],[8.827509543396094,38.88144216407272],[8.827310866454058,38.881359641113995],[8.826314530355138,38.88156880626288],[8.82620908064497,38.88167002820878],[8.826200153839899,38.88178491104854],[8.826269045540743,38.88190103612342],[8.826348013018832,38.882022808345795],[8.826477340429845,38.88205944231781],[8.82671101737732,38.88209093316034],[8.827283087861392,38.882118815258515],[8.827412823866512,38.88210548977221],[8.827559984430994,38.88203812158758],[8.827609069771347,38.88200263095249]]],[[[8.813776535823513,38.89072711715931],[8.813176839526644,38.88991227868606],[8.81224812629124,38.88955821621229],[8.811763454294816,38.889707250601816],[8.81178010796367,38.889950586614304],[8.812276654676038,38.891861811958],[8.812380838324746,38.892255103096495],[8.812466782900653,38.89245912484912],[8.81259329064096,38.892585488240265],[8.81265654525683,38.89264866943419],[8.813168923205675,38.89293423615562],[8.813608115484879,38.89309738497793],[8.813789770731658,38.89298165248019],[8.814181293177928,38.89273220940157],[8.814406919121199,38.892435190991456],[8.813776535823513,38.89072711715931]]],[[[8.765818226920468,38.91407698811916],[8.765638248381256,38.91398164963748],[8.764996607764052,38.91399387706752],[8.764909476653665,38.91418294080429],[8.764891234772401,38.91446788922362],[8.764972753060494,38.914520995762395],[8.765203436961814,38.9146712747654],[8.765721592608134,38.914943783610745],[8.76581983989647,38.91488167179204],[8.766000442053034,38.914767494483726],[8.766018404278986,38.91452388457454],[8.765916024917006,38.91413089533528],[8.765818226920468,38.91407698811916]]],[[[8.718794273317863,38.91581115951078],[8.718823361075538,38.91577067797927],[8.718998693015314,38.91552666593894],[8.719089869937672,38.91531725795207],[8.719103467345802,38.915282646089835],[8.719116618715855,38.915238284549424],[8.7168615946705,38.91270206336478],[8.716250435593118,38.912211459589976],[8.715262703416851,38.912333213070326],[8.715018413136407,38.91249144327089],[8.714491846965924,38.91307392239662],[8.71436600908705,38.913392115011135],[8.714243562464246,38.91372523605744],[8.714242631982556,38.91395727724649],[8.714242293209654,38.91404175891578],[8.715065356331062,38.915534803117524],[8.715349070067678,38.91597740568021],[8.715640043140738,38.91604704434523],[8.716216229089397,38.91618494026127],[8.716281050668366,38.91620045334165],[8.717739986837993,38.9162524263333],[8.717946145220838,38.916258874848445],[8.718286377170026,38.91626951521916],[8.718794273317863,38.91581115951078]]]]}}]}